Rk,Player,G,Sk,Sfty,Tgt,Def%,Fmb,Int,RtY,KRTD,PRTD,Season,Age,Team,G,GS,TD,XPM,XPA,XP%,FGM,FGA,FG%,2PM,Sfty,Pts,Ret,Yds,Y/Ret,KRTD,Ret,Yds,Y/Ret,PRTD,Sk,Solo,Ast,Comb,TFL,QBHits,Int,Yds,IntTD,PD,Fmb,FR,Yds,FRTD,FF,Touch,TotOff,YScm,APYd,RtY,Tgt,Cmp,Cmp%,Yds,Yds/Cmp,Yds/Tgt,TD,Rat,DADOT,Air,YAC,Bltz,Hrry,QBKD,Bats,Prss,MTkl,MTkl%,OffSnp,Off%,DefSnp,Def%,STSnp,ST %,Pos
1,Jamal Adams,1,0,0,2,1.3,0,0,0,0,0,2022,27,SEA,1,1,0,0,0,,0,0,,0,0,0,0,0,,0,0,0,,0,0,3,0,3,0,1,0,0,0,1,0,0,0,0,0,0,0,0,0,0,2,0,0,0,,0,0,39.6,8.5,0,0,1,0,1,0,1,0,0,0,0,15,1.3,0,0,S
2,Breon Borders,1,0,0,0,0,0,0,0,0,0,2022,27,CHI,1,0,0,0,0,,0,0,,0,0,0,0,0,,0,0,0,,0,0,0,0,0,0,0,0,0,0,0,0,0,0,0,0,0,0,0,0,0,0,0,,0,,,0,,,0,0,0,0,0,0,0,0,,0,0,0,0,9,2.1,DB
3,T.J. Carter,1,0,0,0,0.6,0,0,0,0,0,2022,23,LAR,1,0,0,0,0,,0,0,,0,0,0,0,0,,0,0,0,,0,0,0,1,1,0,0,0,0,0,0,0,0,0,0,0,0,0,0,0,0,0,0,,0,,,0,,,0,0,0,0,0,0,0,0,0,0,0,6,0.6,30,6.7,CB
4,Tyler Coyle,1,0,0,4,1.8,0,0,0,0,0,2022,24,DAL,1,0,0,0,0,,0,0,,0,0,0,0,0,,0,0,0,,0,0,4,2,6,0,0,0,0,0,0,0,0,0,0,0,0,0,0,0,0,4,3,75,39,13,9.8,0,105.2,3.5,14,25,0,0,0,0,0,0,0,0,0,21,1.8,21,4.4,S
5,Carlos Davis,1,1,0,0,1.1,0,0,0,0,0,2022,26,PIT,1,0,0,0,0,,0,0,,0,0,0,0,0,,0,0,0,,0,1,1,0,1,1,1,0,0,0,0,0,0,0,0,0,0,0,0,0,0,0,0,,0,,,0,,,0,0,0,0,0,0,1,0,0,0,0,12,1.1,1,0.2,CB
6,Kyle Fuller,1,0,0,7,7.3,0,0,0,0,0,2022,30,BAL,1,1,0,0,0,,0,0,,0,0,0,0,0,,0,0,0,,0,0,3,0,3,0,0,0,0,0,0,0,0,0,0,0,0,0,0,0,0,7,3,42.9,23,7.7,3.3,0,51.5,6.3,23,0,0,0,0,0,0,1,25,0,0,80,7.3,0,0,CB
7,Don Gardner,1,0,0,0,0,0,0,0,0,0,2022,25,TAM,1,0,0,0,0,,0,0,,0,0,0,0,0,,0,0,0,,0,0,0,0,0,0,0,0,0,0,0,0,0,0,0,0,0,0,0,0,0,0,0,,0,,,0,,,0,0,0,0,0,0,0,0,,0,0,0,0,14,3,CB
8,Clark Harris,1,0,0,0,0,0,0,0,0,0,2022,38,CIN,1,0,0,0,0,,0,0,,0,0,0,0,0,,0,0,0,,0,0,0,0,0,0,0,0,0,0,0,0,0,0,0,0,0,0,0,0,0,0,0,,0,,,0,,,0,0,0,0,0,0,0,0,,0,0,0,0,4,0.9,LS
9,Chris Jackson,1,0,0,4,2.1,0,0,0,0,0,2022,24,TEN,1,0,0,0,0,,0,0,,0,0,0,0,0,,0,0,0,,0,0,1,0,1,0,0,0,0,0,0,0,0,0,0,0,0,0,0,0,0,4,2,50,20,10,5,1,104.2,11.8,15,5,0,0,0,0,0,1,50,0,0,24,2.1,5,1.1,S
10,Gregory Junior,1,0,0,5,1.5,0,0,0,0,0,2022,23,JAX,1,0,0,0,0,,0,0,,0,0,0,0,0,,0,0,0,,0,0,4,2,6,0,0,0,0,0,0,0,0,0,0,0,0,0,0,0,0,5,3,60,41,13.7,8.2,0,86.2,12,37,4,0,0,0,0,0,0,0,0,0,18,1.5,5,1.2,CB
11,Richard LeCounte,1,0,0,0,0,0,0,0,0,0,2022,24,CLE,1,0,0,0,0,,0,0,,0,0,0,0,0,,0,0,0,,0,0,0,0,0,0,0,0,0,0,0,0,0,0,0,0,0,0,0,0,0,0,0,,0,,,0,,,0,0,0,0,0,0,0,0,,0,0,0,0,11,2.5,S
12,Ja'Quan McMillian,1,0,0,12,5.9,0,0,0,0,0,2022,22,DEN,1,1,0,0,0,,0,0,,0,0,0,0,0,,0,0,0,,0,0,6,1,7,0,0,0,0,0,0,0,0,0,0,0,0,0,0,0,0,12,6,50,94,15.7,7.8,0,76.4,10.3,43,51,0,0,0,0,0,1,12.5,0,0,68,5.9,0,0,CB
13,A.J. Moore,1,0,0,0,0,0,0,0,0,0,2022,27,TEN,1,0,0,0,0,,0,0,,0,0,0,0,0,,0,0,0,,0,0,0,0,0,0,0,0,0,0,0,0,0,0,0,0,0,0,0,0,0,0,0,,0,,,0,,,0,0,0,0,0,0,0,0,,0,0,0,0,5,1.1,S
14,Quandre Mosely,1,0,0,0,0.1,0,0,0,0,0,2022,23,NWE,1,0,0,0,0,,0,0,,0,0,0,0,0,,0,0,0,,0,0,0,0,0,0,0,0,0,0,0,0,0,0,0,0,0,0,0,0,0,0,0,,0,,,0,,,0,0,0,0,0,0,0,0,,0,0,1,0.1,0,0,DB
15,Ryan Smith,1,0,0,0,0,0,0,0,0,0,2022,29,TAM,1,0,0,0,0,,0,0,,0,0,0,0,0,,0,0,0,,0,0,0,0,0,0,0,0,0,0,0,0,0,0,0,0,0,0,0,0,0,0,0,,0,,,0,,,0,0,0,0,0,0,0,0,,0,0,0,0,12,2.6,CB
16,Saivion Smith,1,0,0,0,0.2,0,0,0,0,0,2022,25,DET,1,1,0,0,0,,0,0,,0,0,0,0,0,,0,0,0,,0,0,0,1,1,0,0,0,0,0,0,0,0,0,0,0,0,0,0,0,0,0,0,,0,,,0,,,0,0,0,0,0,0,0,0,0,0,0,2,0.2,0,0,S
17,Trenton Thompson,1,0,0,0,0,0,0,0,0,0,2022,25,NYG,1,0,0,0,0,,0,0,,0,0,0,0,0,,0,0,0,,0,0,0,0,0,0,0,0,0,0,0,0,0,0,0,0,0,0,0,0,0,0,0,,0,,,0,,,0,0,0,0,0,0,0,0,,0,0,0,0,12,2.5,S
18,Quincy Wilson,1,0,0,0,1,0,0,0,0,0,2022,26,PIT,1,0,0,0,0,,0,0,,0,0,0,0,0,,0,0,0,,0,0,0,0,0,0,0,0,0,0,0,0,0,0,0,0,0,0,0,0,0,0,0,,0,,,0,,,0,0,0,0,0,0,0,0,,0,0,11,1,5,1.1,CB
19,Micah Abernathy,2,0,0,0,0.1,0,0,0,0,0,2022,25,GNB,2,0,0,0,0,,0,0,,0,0,0,0,0,,0,0,0,,0,0,0,1,1,0,0,0,0,0,0,0,0,0,0,0,0,0,0,0,0,0,0,,0,,,0,,,0,0,0,0,0,0,0,0,0,0,0,1,0.1,13,3,S
20,Troy Apke,2,0,0,0,0,0,0,0,0,0,2022,27,WAS,2,0,0,0,0,,0,0,,0,0,0,0,0,,0,0,0,,0,0,0,1,1,0,0,0,0,0,0,0,0,0,0,0,0,0,0,0,0,0,0,,0,,,0,,,0,0,0,0,0,0,0,0,0,0,0,0,0,32,6.9,CB
21,Kalon Barnes,2,0,0,0,0,0,0,0,0,0,2022,24,MIN,2,0,0,0,0,,0,0,,0,0,0,0,0,,0,0,0,,0,0,0,0,0,0,0,0,0,0,0,0,0,0,0,0,0,0,0,0,0,0,0,,0,,,0,,,0,0,0,0,0,0,0,0,,0,0,0,0,9,1.8,CB
22,Hunter Bradley,2,0,0,0,0,0,0,0,0,0,2022,28,ARI,2,0,0,0,0,,0,0,,0,0,0,0,0,,0,0,0,,0,0,0,0,0,0,0,0,0,0,0,0,0,0,0,0,0,0,0,0,0,0,0,,0,,,0,,,0,0,0,0,0,0,0,0,,0,0,0,0,13,2.9,LS
23,Brady Breeze,2,0,0,0,0.4,0,0,0,0,0,2022,25,DET,2,0,0,0,0,,0,0,,0,0,0,0,0,,0,0,0,,0,0,0,0,0,0,0,0,0,0,0,0,0,0,0,0,0,0,0,0,0,0,0,,0,,,0,,,0,0,0,0,0,0,0,0,,0,0,4,0.4,40,8.9,DB
24,Tariq Castro-Fields,2,0,0,0,0.6,0,0,0,0,0,2022,23,WAS,2,0,0,0,0,,0,0,,0,0,0,0,0,,0,0,0,,0,0,0,0,0,0,0,0,0,0,0,0,0,0,0,0,0,0,0,0,0,0,0,,0,,,0,,,0,0,0,0,0,0,0,0,,0,0,6,0.6,13,2.8,CB
25,Adrian Colbert,2,0,0,0,0,0,0,0,0,0,2022,29,CHI,2,0,0,0,0,,0,0,,0,0,0,0,0,,0,0,0,,0,0,0,0,0,0,0,0,0,0,0,0,0,0,0,0,0,0,0,0,0,0,0,,0,,,0,,,0,0,0,0,0,0,0,0,,0,0,0,0,20,4.6,DB
26,Trevor Denbow,2,0,0,0,0,0,0,0,0,0,2022,24,IND,2,0,0,0,0,,0,0,,0,0,0,0,0,,0,0,0,,0,0,0,0,0,0,0,0,0,0,0,0,0,0,0,0,0,0,0,0,0,0,0,,0,,,0,,,0,0,0,0,0,0,0,0,,0,0,0,0,31,6.8,S
27,DaMarcus Fields,2,0,0,0,0,0,0,0,0,0,2022,24,NOR,2,0,0,0,0,,0,0,,0,0,0,0,0,,0,0,0,,0,0,0,0,0,0,0,0,0,0,0,0,0,0,0,0,0,0,0,0,0,0,0,,0,,,0,,,0,0,0,0,0,0,0,0,,0,0,0,0,26,5.8,DB
28,Nate Hairston,2,0,0,0,0.3,0,0,0,0,0,2022,28,ARI,2,0,0,0,0,,0,0,,0,0,0,0,0,,0,0,0,,0,0,0,1,1,0,0,0,0,0,0,0,0,0,0,0,0,0,0,0,0,0,0,,0,,,0,,,0,0,0,0,0,0,0,0,0,0,0,3,0.3,26,5.7,DB
29,Kemon Hall,2,0,0,0,0,0,0,0,0,0,2022,25,LAC,2,0,0,0,0,,0,0,,0,0,0,0,0,,0,0,0,,0,0,1,0,1,0,0,0,0,0,0,0,0,0,0,0,0,0,0,0,0,0,0,,0,,,0,,,0,0,0,0,0,0,0,0,0,0,0,0,0,33,7.1,CB
30,Faion Hicks,2,0,0,0,0,0,0,0,0,0,2022,25,DEN,2,0,0,0,0,,0,0,,0,0,0,0,0,,0,0,0,,0,0,0,0,0,0,0,0,0,0,0,0,0,0,0,0,0,0,0,0,0,0,0,,0,,,0,,,0,0,0,0,0,0,0,0,,0,0,0,0,30,6.3,CB
31,Micah Hyde,2,0,0,3,9.6,0,0,0,0,0,2022,32,BUF,2,2,0,0,0,,0,0,,0,0,0,0,0,,0,0,0,,0,0,4,3,7,0,0,0,0,0,0,0,0,0,0,0,0,0,0,0,0,3,2,66.7,17,8.5,5.7,0,81.2,9,-1,18,1,0,0,0,0,0,0,0,0,101,9.6,3,0.7,S
32,Ja'Marcus Ingram,2,0,0,5,4.2,0,0,0,0,0,2022,25,BUF,2,0,0,0,0,,0,0,,0,0,0,0,0,,0,0,0,,0,0,2,1,3,0,0,0,0,0,0,0,0,0,0,0,0,0,0,0,0,5,2,40,38,19,7.6,0,67.1,10.4,24,14,0,0,0,0,0,0,0,0,0,44,4.2,12,2.9,CB
33,Jackrabbit Jenkins,2,0,0,2,2.9,0,0,0,0,0,2022,34,SFO,2,0,0,0,0,,0,0,,0,0,0,0,0,,0,0,0,,0,0,2,1,3,0,0,0,0,0,0,0,0,0,0,0,0,0,0,0,0,2,2,100,22,11,11,0,112.5,7.5,15,7,0,0,0,0,0,1,25,0,0,31,2.9,27,6.2,DB
34,Dontae Johnson,2,0,0,0,1.7,0,0,0,0,0,2022,31,SFO,2,0,0,0,0,,0,0,,0,0,0,0,0,,0,0,0,,0,0,0,0,0,0,0,0,0,0,0,0,0,0,0,0,0,0,0,0,0,0,0,,0,,,0,,,0,0,0,0,0,0,0,0,,0,0,18,1.7,16,3.7,CB
35,Shaun Jolly,2,0,0,0,0,0,0,0,0,0,2022,24,LAR,2,0,0,0,0,,0,0,,0,0,0,0,0,,0,0,0,,0,0,0,0,0,0,0,0,0,0,0,0,0,0,0,0,0,0,0,0,0,0,0,,0,,,0,,,0,0,0,0,0,0,0,0,,0,0,0,0,6,1.3,S
36,Elijah Molden,2,0,0,3,7,0,0,0,0,0,2022,23,TEN,2,1,0,0,0,,0,0,,0,0,0,0,0,,0,0,0,,0,0,4,1,5,1,1,0,0,0,0,0,0,0,0,0,0,0,0,0,0,3,1,33.3,9,9,3,0,42.4,13,2,7,2,0,1,0,1,0,0,0,0,82,7,5,1.1,CB
37,Josh Norman,2,0,0,8,6.1,0,0,0,0,0,2022,35,CAR,2,1,0,0,0,,0,0,,0,0,0,0,0,,0,0,0,,0,0,6,2,8,0,0,0,0,0,0,0,0,0,0,0,0,0,0,0,0,8,6,75,87,14.5,10.9,1,149.5,10.6,42,45,0,0,0,0,0,0,0,0,0,70,6.1,0,0,CB
38,Xavier Rhodes,2,0,0,7,3.3,0,0,0,0,0,2022,32,"BUF,DAL",2,1,0,0,0,,0,0,,0,0,0,0,0,,0,0,0,,0,0,3,1,4,0,0,0,0,0,0,0,0,0,0,0,0,0,0,0,0,7,5,71.4,49,9.8,7,0,90.8,8.7,36,13,0,0,0,0,0,2,33.3,0,0,72,3.3,0,0,CB
39,Nickell Robey-Coleman,2,0,0,1,1.2,0,0,0,0,0,2022,30,LVR,2,0,0,0,0,,0,0,,0,0,0,0,0,,0,0,0,,0,0,0,0,0,0,0,0,0,0,0,0,0,0,0,0,0,0,0,0,0,1,0,0,0,,0,0,39.6,0,0,0,3,0,0,0,0,0,,0,0,14,1.2,2,0.4,CB
40,Aaron Robinson,2,0,0,6,6.4,0,0,0,0,0,2022,24,NYG,2,2,0,0,0,,0,0,,0,0,0,0,0,,0,0,0,,0,0,5,1,6,0,0,0,0,0,1,0,0,0,0,0,0,0,0,0,0,6,2,33.3,28,14,4.7,0,49.3,18.5,19,9,0,0,0,0,0,0,0,0,0,72,6.4,17,3.6,CB
41,Greg Stroman,2,0,0,6,6.4,0,1,0,0,0,2022,26,CHI,2,1,0,0,0,,0,0,,0,0,0,0,0,,0,0,0,,0,0,4,4,8,0,0,1,10,0,1,0,0,0,0,0,0,0,0,10,0,6,4,66.7,28,7,4.7,0,37.5,10.7,22,6,0,0,0,0,0,0,0,0,0,70,6.4,19,4.4,DB
42,Josh Thomas,2,0,0,0,1.3,0,0,0,0,0,2022,26,ARI,2,0,0,0,0,,0,0,,0,0,0,0,0,,0,0,0,,0,0,0,4,4,0,0,0,0,0,0,0,0,0,0,0,0,0,0,0,0,0,0,,0,,,0,,,0,0,0,0,0,0,0,0,0,0,0,14,1.3,19,4.2,S
43,Jarren Williams,2,0,0,0,0,0,0,0,0,0,2022,25,DET,2,0,0,0,0,,0,0,,0,0,0,0,0,,0,0,0,,0,0,0,0,0,0,0,0,0,0,0,0,0,0,0,0,0,0,0,0,0,0,0,,0,,,0,,,0,0,0,0,0,0,0,0,,0,0,0,0,19,4.2,CB
44,Tucker Addington,3,0,0,0,0,0,0,0,0,0,2022,25,NWE,3,0,0,0,0,,0,0,,0,0,0,0,0,,0,0,0,,0,0,0,0,0,0,0,0,0,0,0,0,0,0,0,0,0,0,0,0,0,0,0,,0,,,0,,,0,0,0,0,0,0,0,0,,0,0,0,0,24,5.3,LS
45,Ugo Amadi,3,0,0,4,2.4,0,0,0,0,0,2022,25,"KAN,TEN",3,0,0,0,0,,0,0,,0,0,0,0,0,,0,0,0,,0,0,4,2,6,0,0,0,0,0,0,0,0,0,0,0,0,0,0,0,0,4,3,75,19,6.3,4.8,0,84.4,-0.3,2,17,5,0,0,0,0,2,25,0,0,56,2.4,9,1,DB
46,Darrell Baker,3,0,0,0,0,0,0,0,0,0,2022,24,IND,3,0,0,0,0,,0,0,,0,0,0,0,0,,0,0,0,,0,0,0,0,0,0,0,0,0,0,0,0,1,7,0,0,0,0,0,7,0,0,0,,0,,,0,,,0,0,0,0,0,0,0,0,,0,0,0,0,31,6.8,CB
47,Marquise Blair,3,0,0,0,0.1,0,0,0,0,0,2022,25,CAR,3,0,0,0,0,,0,0,,0,0,0,0,0,,0,0,0,,0,0,0,1,1,0,0,0,0,0,0,0,0,0,0,0,0,0,0,0,0,0,0,,0,,,0,,,0,0,0,0,0,0,0,0,0,0,0,1,0.1,25,5.3,DB
48,Joshuah Bledsoe,3,0,0,4,1.9,0,0,0,0,0,2022,24,NWE,3,0,0,0,0,,0,0,,0,0,0,0,0,,0,0,0,,0,0,0,1,1,0,0,0,0,0,0,0,0,0,0,0,0,0,0,0,0,4,2,50,17,8.5,4.3,2,101,19.3,17,0,2,0,0,0,0,0,0,0,0,22,1.9,7,1.5,S
49,Mike Brown,3,0,0,0,0,0,0,0,0,0,2022,23,CLE,3,0,0,0,0,,0,0,,0,0,0,0,0,,0,0,0,,0,0,1,0,1,0,0,0,0,0,0,0,0,0,0,0,0,0,0,0,0,0,0,,0,,,0,,,0,0,0,0,0,0,0,0,0,0,0,0,0,55,12.4,S
50,Artie Burns,3,0,0,1,1.4,0,0,0,0,0,2022,27,SEA,3,0,0,0,0,,0,0,,0,0,0,0,0,,0,0,0,,0,0,0,0,0,0,0,0,0,0,0,0,0,0,0,0,0,0,0,0,0,1,0,0,0,,0,0,39.6,19,0,0,0,0,0,0,0,0,,0,0,16,1.4,8,1.7,CB
51,Lewis Cine,3,0,0,0,0.2,0,0,0,0,0,2022,23,MIN,3,0,0,0,0,,0,0,,0,0,0,0,0,,0,0,0,,0,0,0,0,0,0,0,0,0,0,0,0,0,0,0,0,0,0,0,0,0,0,0,,0,,,0,,,0,0,0,0,0,0,0,0,,0,0,2,0.2,34,6.9,S
52,Jordan Fuller,3,0,0,7,8.4,0,0,0,0,0,2022,24,LAR,3,1,0,0,0,,0,0,,0,0,0,0,0,,0,0,0,,0,0,9,3,12,0,0,0,0,0,0,0,0,0,0,1,0,0,0,0,0,7,5,71.4,42,8.4,6,0,86.6,3.9,32,10,0,0,0,0,0,1,7.7,0,0,91,8.4,17,3.8,DB
53,Zyon Gilbert,3,1,0,8,6.5,0,0,0,0,0,2022,23,NYG,3,1,0,0,0,,0,0,,0,0,0,0,0,,0,0,0,,0,1,10,4,14,1,1,0,0,0,0,0,0,0,0,0,0,0,0,0,0,8,7,87.5,73,10.4,9.1,1,144.3,4.6,18,55,3,0,0,0,1,0,0,0,0,73,6.5,28,5.9,CB
54,Tyree Gillespie,3,0,0,0,0,0,0,0,0,0,2022,24,JAX,3,0,0,0,0,,0,0,,0,0,0,0,0,,0,0,0,,0,0,0,0,0,0,0,0,0,0,0,0,0,0,0,0,0,0,0,0,0,0,0,,0,,,0,,,0,0,0,0,0,0,0,0,,0,0,0,0,28,6.6,S
55,Tay Gowan,3,0,0,0,0,0,0,0,0,0,2022,24,MIN,3,0,0,0,0,,0,0,,0,0,0,0,0,,0,0,0,,0,0,0,0,0,0,0,0,0,0,0,0,0,0,0,0,0,0,0,0,0,0,0,,0,,,0,,,0,0,0,0,0,0,0,0,,0,0,0,0,15,3,CB
56,Anthony Harris,3,0,0,0,0,0,0,0,0,0,2022,31,DEN,3,0,0,0,0,,0,0,,0,0,0,0,0,,0,0,0,,0,0,0,0,0,0,0,0,0,0,0,0,0,0,0,0,0,0,0,0,0,0,0,,0,,,0,,,0,0,0,0,0,0,0,0,,0,0,0,0,43,9,S
57,Jovante Moffatt,3,0,0,0,0,0,0,0,0,0,2022,26,ATL,3,0,0,0,0,,0,0,,0,0,0,0,0,,0,0,0,,0,0,0,0,0,0,0,0,0,0,0,0,0,0,0,0,0,0,0,0,0,0,0,,0,,,0,,,0,0,0,0,0,0,0,0,,0,0,0,0,55,12.6,S
58,AJ Parker,3,0,0,11,9.9,0,0,0,0,0,2022,24,DET,3,0,0,0,0,,0,0,,0,0,0,0,0,,0,0,0,,0,0,10,1,11,0,0,0,0,0,0,0,0,0,0,0,0,0,0,0,0,11,9,81.8,150,16.7,13.6,1,149.1,12.8,95,55,0,0,0,0,0,0,0,0,0,113,9.9,12,2.7,DB
59,Will Redmond,3,0,0,0,0,0,0,0,0,0,2022,29,HOU,3,0,0,0,0,,0,0,,0,0,0,0,0,,0,0,0,,0,0,2,0,2,0,0,0,0,0,0,0,0,0,0,0,0,0,0,0,0,0,0,,0,,,0,,,0,0,0,0,0,0,0,0,0,0,0,0,0,50,10.8,CB
60,John Reid,3,0,0,4,3.3,0,0,0,0,0,2022,26,TEN,3,1,0,0,0,,0,0,,0,0,0,0,0,,0,0,0,,0,0,5,0,5,0,1,0,0,0,0,0,0,0,0,0,0,0,0,0,0,4,4,100,35,8.8,8.8,0,103.1,4.8,19,16,1,0,1,0,1,0,0,0,0,38,3.3,3,0.7,S
61,Deionte Thompson,3,0,0,0,0.5,0,0,0,0,0,2022,25,ARI,3,0,0,0,0,,0,0,,0,0,0,0,0,,0,0,0,,0,0,0,1,1,0,0,0,0,0,0,0,0,0,0,0,0,0,0,0,0,0,0,,0,,,0,,,0,0,0,0,0,0,0,0,0,0,0,6,0.5,49,10.8,S
62,Stantley Thomas-Oliver,3,0,0,0,0,0,0,0,0,0,2022,24,CAR,3,0,0,0,0,,0,0,,0,0,0,0,0,,0,0,0,,0,0,3,0,3,0,0,0,0,0,0,0,0,0,0,0,0,0,0,0,0,0,0,,0,,,0,,,0,0,0,0,0,0,0,0,0,0,0,0,0,46,9.8,CB
63,Shaun Wade,3,0,0,6,1.6,0,0,0,0,0,2022,24,NWE,3,0,0,0,0,,0,0,,0,0,0,0,0,,0,0,0,,0,0,2,0,2,0,0,0,0,0,0,0,0,0,0,0,0,0,0,0,0,6,4,66.7,41,10.3,6.8,1,125.7,5,23,18,0,0,0,0,0,0,0,0,0,18,1.6,3,0.7,CB
64,Tracy Walker,3,1,0,4,12.3,0,0,0,0,0,2022,27,DET,3,3,0,0,0,,0,0,,0,0,0,0,0,,0,0,0,,0,1,11,9,20,1,1,0,0,0,1,0,0,0,0,0,0,0,0,0,0,4,1,25,13,13,3.3,0,40.6,26,3,10,7,0,0,1,1,0,0,0,0,140,12.3,13,2.9,S
65,Ar'Darius Washington,3,0,0,1,2.3,0,0,0,0,0,2022,23,BAL,3,0,0,0,0,,0,0,,0,0,0,0,0,,0,0,0,,0,0,2,0,2,0,0,0,0,0,0,0,0,0,0,0,0,0,0,0,0,1,1,100,11,11,11,0,112.5,11,11,0,2,1,0,0,1,0,0,0,0,25,2.3,23,5.3,S
66,Rodarius Williams,3,0,0,16,13,0,1,0,0,0,2022,26,NYG,3,1,0,0,0,,0,0,,0,0,0,0,0,,0,0,0,,0,0,15,0,15,0,0,1,1,0,2,0,0,0,0,0,0,0,0,1,0,16,11,68.8,151,13.7,9.4,0,72.7,8.8,62,89,0,0,0,0,0,2,11.8,0,0,147,13,6,1.3,CB
67,Jalyn Armour-Davis,4,0,0,12,4.6,0,0,0,0,0,2022,23,BAL,4,1,0,0,0,,0,0,,0,0,0,0,0,,0,0,0,,0,0,4,2,6,1,0,0,0,0,1,0,0,0,0,0,0,0,0,0,0,12,11,91.7,226,20.5,18.8,2,158.3,12.5,135,91,1,0,0,0,0,3,33.3,0,0,50,4.6,57,13.2,CB
68,Dicaprio Bootle,4,0,0,2,1,0,0,0,0,0,2022,25,KAN,4,0,0,0,0,,0,0,,0,0,0,0,0,,0,0,0,,0,0,1,2,3,0,0,0,0,0,0,0,0,0,0,0,0,0,0,0,0,2,0,0,0,,0,0,39.6,11.5,0,0,0,0,0,0,0,0,0,0,0,11,1,31,6.7,DB
69,Mitchell Fraboni,4,0,0,0,0,0,0,0,0,0,2022,26,DEN,4,0,0,0,0,,0,0,,0,0,0,0,0,,0,0,0,,0,0,3,2,5,0,0,0,0,0,0,0,0,0,0,0,0,0,0,0,0,0,0,,0,,,0,,,0,0,0,0,0,0,0,0,0,0,0,0,0,40,8.3,LS
70,Allan George,4,0,0,4,3.5,0,0,0,0,0,2022,23,CIN,4,0,0,0,0,,0,0,,0,0,0,0,0,,0,0,0,,0,0,2,0,2,0,0,0,0,0,0,0,0,0,0,0,0,0,0,0,0,4,3,75,30,10,7.5,0,95.8,7.5,23,7,0,0,0,0,0,0,0,0,0,36,3.5,20,4.6,CB
71,Javelin Guidry,4,0,0,3,1.6,0,0,0,0,0,2022,24,LVR,4,0,0,0,0,,0,0,,0,0,0,0,0,,0,0,0,,0,0,0,0,0,0,0,0,0,0,0,0,0,0,0,0,0,0,0,0,0,3,3,100,14,4.7,4.7,2,125.7,4.3,13,1,0,0,0,0,0,1,100,0,0,18,1.6,39,8.6,CB
72,Grant Haley,4,0,0,14,11.8,0,0,0,0,0,2022,26,LAR,4,1,0,0,0,,0,0,,0,0,0,0,0,,0,0,0,,0,0,7,5,12,0,0,0,0,0,3,0,0,0,0,0,0,0,0,0,0,14,8,57.1,59,7.4,4.2,0,67.3,6.5,22,37,0,0,0,0,0,2,14.3,0,0,129,11.8,26,5.8,DB
73,Harrison Hand,4,0,0,9,10.2,0,0,0,0,0,2022,24,CHI,4,1,0,0,0,,0,0,,0,0,0,0,0,,0,0,0,,0,0,9,3,12,0,0,0,0,0,1,0,0,0,0,1,0,0,0,0,0,9,7,77.8,63,9,7,0,95.8,5.9,32,31,0,0,0,0,0,0,0,0,0,111,10.2,13,3,CB
74,William Jackson III,4,0,0,24,19.5,0,0,0,0,0,2022,30,WAS,4,4,0,0,0,,0,0,,0,0,0,0,0,,0,0,0,,0,0,15,1,16,1,0,0,0,0,2,0,0,0,0,0,0,0,0,0,0,24,17,70.8,190,11.2,7.9,2,121.9,11,161,29,2,0,0,0,0,1,5.9,0,0,204,19.5,0,0,DB
75,Jake McQuaide,4,0,0,0,0,0,0,0,0,0,2022,35,DAL,4,0,0,0,0,,0,0,,0,0,0,0,0,,0,0,0,,0,0,0,0,0,0,0,0,0,0,0,0,0,0,0,0,0,0,0,0,0,0,0,,0,,,0,,,0,0,0,0,0,0,0,0,,0,0,0,0,37,7.8,LS
76,Herb Miller,4,0,0,0,0,0,0,0,0,0,2022,25,CLE,4,0,0,0,0,,0,0,,0,0,0,0,0,,0,0,0,,0,0,1,0,1,0,0,0,0,0,0,0,1,48,0,0,0,0,0,48,0,0,0,,0,,,0,,,0,0,0,0,0,0,0,0,0,0,0,0,0,64,14.4,CB
77,Michael Ojemudia,4,0,0,0,0.1,0,0,0,0,0,2022,25,"CHI,DEN",4,0,0,0,0,,0,0,,0,0,0,0,0,,0,0,0,,0,0,0,0,0,0,0,0,0,0,0,0,0,0,0,0,0,0,0,0,0,0,0,,0,,,0,,,0,0,0,0,0,0,0,0,,0,0,2,0.1,24,2.6,CB
78,Elijah Riley,4,0,0,2,1.9,0,0,0,0,0,2022,24,PIT,4,0,0,0,0,,0,0,,0,0,0,0,0,,0,0,0,,0,0,3,2,5,0,0,0,0,0,0,0,0,0,0,0,0,0,0,0,0,2,1,50,2,2,1,0,56.2,11,0,2,0,0,0,0,0,0,0,0,0,20,1.9,25,5.7,S
79,Ahkello Witherspoon,4,0,0,29,23.3,0,1,0,0,0,2022,27,PIT,4,4,0,0,0,,0,0,,0,0,0,0,0,,0,0,0,,0,0,17,3,20,0,0,1,0,0,2,0,0,0,0,0,0,0,0,0,0,29,22,75.9,248,11.3,8.6,4,126.1,9.2,181,67,0,0,0,0,0,1,4.8,0,0,248,23.3,13,3,CB
80,Markquese Bell,5,0,0,0,1.9,0,0,0,0,0,2022,23,DAL,5,0,0,0,0,,0,0,,0,0,0,0,0,,0,0,0,,0,0,1,0,1,0,0,0,0,0,0,0,0,0,0,0,0,0,0,0,0,0,0,,0,,,0,,,0,0,0,0,0,0,0,0,0,0,0,22,1.9,80,16.8,S
81,Juston Burris,5,0,0,10,18.9,0,0,0,0,0,2022,29,CAR,5,3,0,0,0,,0,0,,0,0,0,0,0,,0,0,0,,0,0,12,8,20,0,0,0,0,0,1,0,0,0,0,0,0,0,0,0,0,10,4,40,45,11.3,4.5,1,87.5,14.8,41,4,2,0,0,0,0,3,13,0,0,219,18.9,33,7,S
82,Tevaughn Campbell,5,0,0,6,2.7,0,0,0,0,0,2022,29,JAX,5,0,0,0,0,,0,0,,0,0,0,0,0,,0,0,0,,0,0,3,0,3,0,0,0,0,0,0,0,0,0,0,0,0,0,0,0,0,6,3,50,62,20.7,10.3,0,86.8,15.7,56,6,0,0,0,0,0,0,0,0,0,31,2.7,10,2.4,DB
83,Ronald Darby,5,0,0,18,24.6,0,0,0,0,0,2022,28,DEN,5,5,0,0,0,,0,0,,0,0,0,0,0,,0,0,0,,0,0,12,2,14,0,0,0,0,0,3,0,0,0,0,1,0,0,0,0,0,18,7,38.9,73,10.4,4.1,1,69.9,10.2,54,19,1,0,0,0,0,2,12.5,0,0,281,24.6,4,0.8,RCB
84,Myles Dorn,5,0,0,0,0,0,0,0,0,0,2022,24,MIN,5,0,0,0,0,,0,0,,0,0,0,0,0,,0,0,0,,0,0,1,1,2,0,0,0,0,0,0,0,0,0,0,0,0,0,0,0,0,0,0,,0,,,0,,,0,0,0,0,0,0,0,0,0,0,0,0,0,68,13.8,S
85,Isaiah Dunn,5,0,0,0,0,0,0,0,0,0,2022,23,SEA,5,0,0,0,0,,0,0,,0,0,0,0,0,,0,0,0,,0,0,1,1,2,0,0,0,0,0,0,0,0,0,0,0,0,0,0,0,0,0,0,,0,,,0,,,0,0,0,0,0,0,0,0,0,0,0,0,0,87,18.7,DB
86,Jacobi Francis,5,0,0,0,0,0,0,0,0,0,2022,24,HOU,5,0,0,0,0,,0,0,,0,0,0,0,0,,0,0,0,,0,0,1,0,1,0,0,0,0,0,0,0,0,0,0,0,0,0,0,0,0,0,0,,0,,,0,,,0,0,1,0,0,0,0,0,0,0,0,0,0,76,16.4,DB
87,Shaquill Griffin,5,0,0,32,28.9,0,0,0,0,0,2022,27,JAX,5,5,0,0,0,,0,0,,0,0,0,0,0,,0,0,0,,0,0,23,6,29,3,0,0,0,0,4,0,0,0,0,0,0,0,0,0,0,32,21,65.6,252,12,7.9,2,110.4,10.3,180,72,0,0,0,0,0,2,6.5,0,0,336,28.9,3,0.7,LCB
88,Bryce Hall,5,0,0,2,1.3,0,0,0,0,0,2022,25,NYJ,5,0,0,0,0,,0,0,,0,0,0,0,0,,0,0,0,,0,0,0,0,0,0,0,0,0,0,0,0,0,0,0,0,0,0,0,0,0,2,1,50,25,25,12.5,1,135.4,17.5,25,0,0,0,0,0,0,0,,0,0,15,1.3,58,12.6,CB
89,J.C. Jackson,5,0,0,24,23.3,0,0,0,0,0,2022,27,LAC,5,5,0,0,0,,0,0,,0,0,0,0,0,,0,0,0,,0,0,12,3,15,0,0,0,0,0,2,0,0,0,0,0,0,0,0,0,0,24,16,66.7,334,20.9,13.9,4,149.3,14.8,266,68,0,0,0,0,0,1,6.3,0,0,244,23.3,1,0.2,LCB
90,Josh Jackson,5,0,0,7,3.9,0,0,0,0,0,2022,26,"ARI,PIT",5,1,0,0,0,,0,0,,0,0,0,0,0,,0,0,0,,0,0,5,1,6,0,0,0,0,0,0,0,1,0,0,0,0,0,0,0,0,7,5,71.4,60,12,8.6,1,136.9,8.7,54,6,0,0,0,0,0,0,0,0,0,85,3.9,22,2.5,CB
91,Emmanuel Moseley,5,0,0,27,29,0,1,0,0,0,2022,26,SFO,5,5,1,0,0,,0,0,,0,0,6,0,0,,0,0,0,,0,0,18,4,22,1,0,1,41,1,5,0,0,0,0,0,0,0,0,41,0,27,18,66.7,160,8.9,5.9,0,66.9,8.3,82,78,3,1,0,0,1,5,18.5,0,0,311,29,16,3.7,LCB
92,Bobby Price,5,0,0,4,3.3,0,0,0,0,0,2022,24,DET,5,0,0,0,0,,0,0,,0,0,0,0,0,,0,0,0,,0,0,3,1,4,0,0,0,0,0,0,0,0,0,0,0,0,0,0,0,0,4,2,50,47,23.5,11.8,1,132.3,15.5,35,12,1,0,0,0,0,1,20,0,0,38,3.3,120,26.6,CB
93,Caden Sterns,5,0,0,17,24,0,2,0,0,0,2022,23,DEN,5,3,0,0,0,,0,0,,0,0,0,0,0,,0,0,0,,0,0,14,7,21,0,0,2,25,0,4,0,0,0,0,0,0,0,0,25,0,17,5,29.4,84,16.8,4.9,0,8.1,16.2,47,37,1,1,0,0,1,2,8.7,0,0,275,24,14,2.9,S
94,A.J. Thomas,5,0,0,0,1.2,0,0,0,0,0,2022,23,CHI,5,0,0,0,0,,0,0,,0,0,0,0,0,,0,0,0,,0,0,3,1,4,0,0,0,0,0,0,0,0,0,0,0,0,0,0,0,0,0,0,,0,,,0,,,0,0,0,0,0,0,0,0,0,0,0,13,1.2,66,15.1,DB
95,Nolan Turner,5,0,0,1,0.1,0,0,0,0,0,2022,25,TAM,5,0,0,0,0,,0,0,,0,0,0,0,0,,0,0,0,,0,0,1,0,1,1,0,0,0,0,0,0,0,0,0,0,0,0,0,0,0,1,1,100,-5,-5,-5,0,79.2,-5,-5,0,0,0,0,0,0,0,0,0,0,1,0.1,74,16.1,S
96,Andrew Booth,6,0,0,13,9,0,0,0,0,0,2022,22,MIN,6,1,0,0,0,,0,0,,0,0,0,0,0,,0,0,0,,0,0,12,0,12,0,0,0,0,0,0,0,0,0,0,0,0,0,0,0,0,13,11,84.6,129,11.7,9.9,0,108,8.6,87,42,0,0,0,0,0,2,14.3,0,0,105,9,40,8.1,CB
97,Tre Brown,6,0,0,3,1.8,0,0,0,0,0,2022,25,SEA,6,0,0,0,0,,0,0,,0,0,0,0,0,,0,0,0,,0,0,4,0,4,0,0,0,0,0,0,0,0,0,0,0,0,0,0,0,0,3,3,100,39,13,13,0,118.7,12,36,3,0,0,0,0,0,0,0,0,0,21,1.8,21,4.5,DB
98,Landon Collins,6,1,0,13,14.1,0,1,0,0,0,2022,28,NYG,6,1,1,0,0,,0,0,,0,0,6,0,0,,0,0,0,,0,1,7,8,15,1,1,1,52,1,2,0,0,0,0,0,0,0,0,52,0,13,8,61.5,59,7.4,4.5,0,40.2,4.1,24,35,14,0,0,0,1,3,16.7,0,0,160,14.1,55,11.7,S
99,Xavier Crawford,6,0,0,1,0,1,0,0,0,0,2022,27,SEA,6,0,0,0,0,,0,0,,0,0,0,0,0,,0,1,0,0,0,0,2,1,3,0,0,0,0,0,0,1,0,0,0,0,0,0,0,0,0,1,1,100,6,6,6,0,91.7,6,6,0,0,0,0,0,0,0,0,0,0,0,0,60,12.9,DB
100,Cody Davis,6,0,0,0,0,0,0,0,0,0,2022,33,NWE,6,0,0,0,0,,0,0,,0,0,0,0,0,,0,0,0,,0,0,3,3,6,0,0,0,0,0,0,0,0,0,0,0,0,0,0,0,0,0,0,,0,,,0,,,0,0,0,0,0,0,0,0,0,0,0,0,0,106,23.2,DB
101,Davontae Harris,6,0,0,0,0,0,0,0,0,0,2022,27,TEN,6,0,0,0,0,,0,0,,0,0,0,0,0,,0,0,0,,0,0,3,0,3,0,0,0,0,0,0,0,0,0,0,0,0,0,0,0,0,0,0,,0,,,0,,,0,0,0,0,0,0,0,0,0,0,0,0,0,60,13.4,DB
102,Casey Hayward,6,0,0,31,31.6,0,1,0,0,0,2022,33,ATL,6,6,0,0,0,,0,0,,0,0,0,0,0,,0,0,0,,0,0,14,3,17,0,0,1,0,0,3,0,0,0,0,0,0,0,0,0,0,31,19,61.3,225,11.8,7.3,1,80.7,10.6,174,51,0,0,0,0,0,1,5.6,0,0,355,31.6,0,0,LCB/RCB
103,Shemar Jean-Charles,6,0,0,0,0.3,0,0,0,0,0,2022,24,GNB,6,0,0,0,0,,0,0,,0,0,0,0,0,,0,0,0,,0,0,2,1,3,0,0,0,0,0,0,0,0,0,0,0,0,0,0,0,0,0,0,,0,,,0,,,0,0,0,0,0,0,0,0,0,0,0,3,0.3,72,16.8,CB
104,Raheem Layne,6,0,0,0,2.4,0,0,0,0,0,2022,23,LAC,6,0,0,0,0,,0,0,,0,0,0,0,0,,0,0,0,,0,0,2,0,2,0,0,0,0,0,0,0,0,0,0,0,0,0,0,0,0,0,0,,0,,,0,,,0,0,0,0,0,0,0,0,0,0,0,25,2.4,80,17.3,S
105,Jourdan Lewis,6,1,0,26,27.6,0,1,0,0,0,2022,27,DAL,6,4,0,0,0,,0,0,,0,0,0,0,0,,0,0,0,,0,1,17,9,26,0,0,1,0,0,1,0,0,0,0,0,0,0,0,0,0,26,19,73.1,170,8.9,6.5,0,74.2,6.2,51,119,2,0,0,0,1,2,7.1,0,0,316,27.6,0,0,CB
106,Chase Lucas,6,0,0,1,0.5,0,0,0,0,0,2022,25,DET,6,0,0,0,0,,0,0,,0,0,0,0,0,,0,0,0,,0,0,1,2,3,0,0,0,0,0,0,0,0,0,0,0,0,0,0,0,0,1,1,100,6,6,6,0,91.7,3,3,3,0,0,0,0,0,0,0,0,0,6,0.5,75,16.6,CB
107,Greg Mabin,6,0,0,15,9.2,0,0,0,0,0,2022,28,TEN,6,0,0,0,0,,0,0,,0,0,0,0,0,,0,0,0,,0,0,10,3,13,0,0,0,0,0,0,0,0,0,0,0,0,0,0,0,0,15,9,60,133,14.8,8.9,0,89,15.5,115,18,0,0,0,0,0,0,0,0,0,108,9.2,13,2.9,DB
108,Nik Needham,6,0,0,19,26,0,0,0,0,0,2022,26,MIA,6,5,0,0,0,,0,0,,0,0,0,0,0,,0,0,0,,0,0,14,7,21,0,0,0,0,0,2,0,0,0,0,0,0,0,0,0,0,19,10,52.6,150,15,7.9,1,96.4,15.5,123,27,0,1,0,0,1,1,4.5,0,0,297,26,0,0,RCB
109,Bryce Thompson,6,0,0,0,0.5,0,0,0,0,0,2022,23,NOR,6,0,0,0,0,,0,0,,0,0,0,0,0,,0,0,0,,0,0,0,2,2,0,0,0,0,0,0,0,0,0,0,0,0,0,0,0,0,0,0,,0,,,0,,,0,0,0,0,0,0,0,0,0,0,0,6,0.5,69,15.4,CB
110,Josh Thompson,6,0,0,0,0,1,0,0,0,0,2022,24,TEN,6,0,0,0,0,,0,0,,0,0,0,0,0,,0,1,0,0,0,0,2,2,4,0,0,0,0,0,0,1,0,0,0,0,0,0,0,0,0,0,0,,0,,,0,,,0,0,0,0,0,0,0,0,0,0,0,0,0,83,18.5,DB
111,Charles Washington,6,0,0,0,0,0,0,0,0,0,2022,29,ARI,6,0,0,0,0,,0,0,,0,0,0,0,0,,0,0,0,,0,0,2,0,2,0,0,0,0,0,0,0,0,0,0,0,0,0,0,0,0,0,0,,0,,,0,,,0,0,0,0,0,0,0,0,0,0,0,0,0,119,26.2,S
112,Jace Whittaker,6,0,0,27,25.3,0,0,0,0,0,2022,27,ARI,6,4,0,0,0,,0,0,,0,0,0,0,0,,0,0,0,,0,0,15,9,24,0,0,0,0,0,3,0,0,0,0,0,0,0,0,0,0,27,22,81.5,231,10.5,8.6,0,102.3,6,99,132,4,1,0,0,1,2,7.7,0,0,281,25.3,56,12.3,CB
113,Tre'Davious White,6,0,0,33,29.3,0,1,0,0,0,2022,27,BUF,6,6,0,0,0,,0,0,,0,0,0,0,0,,0,0,0,,0,0,16,4,20,0,0,1,0,0,6,0,0,0,0,0,0,0,0,0,0,33,18,54.5,244,13.6,7.4,1,75.8,13.5,200,44,1,1,0,0,1,1,4.8,0,0,308,29.3,0,0,RCB
114,Anthony Averett,7,0,0,18,24.8,0,0,0,0,0,2022,28,LVR,7,6,0,0,0,,0,0,,0,0,0,0,0,,0,0,0,,0,0,12,1,13,0,0,0,0,0,1,0,0,0,0,0,0,0,0,0,0,18,12,66.7,173,14.4,9.6,2,134.7,10.2,138,35,0,0,0,0,0,2,13.3,0,0,279,24.8,0,0,FS
115,T.J. Carrie,7,0,0,6,3.2,0,0,0,0,0,2022,32,CAR,7,0,0,0,0,,0,0,,0,0,0,0,0,,0,0,0,,0,0,5,4,9,0,0,0,0,0,0,0,1,0,0,1,0,0,0,0,0,6,6,100,107,17.8,17.8,1,158.3,14.5,87,20,3,0,0,0,0,0,0,0,0,37,3.2,59,12.5,CB
116,Andre Chachere,7,0,0,1,0.9,0,0,0,0,0,2022,26,PHI,7,0,0,0,0,,0,0,,0,0,0,0,0,,0,0,0,,0,0,3,2,5,0,0,0,0,0,0,0,0,0,0,0,0,0,0,0,0,1,0,0,0,,0,0,39.6,9,0,0,0,0,0,0,0,0,0,0,0,10,0.9,141,31.1,S
117,Anthony Chesley,7,0,0,1,1.5,0,0,0,0,0,2022,27,TAM,7,0,0,0,0,,0,0,,0,0,0,0,0,,0,0,0,,0,0,1,1,2,0,0,0,0,0,0,0,0,0,0,0,0,0,0,0,0,1,1,100,15,15,15,0,118.7,14,14,1,0,0,0,0,0,0,0,0,0,17,1.5,110,23.9,CB
118,Rashad Fenton,7,0,0,28,16.7,0,0,0,0,0,2022,25,"ATL,KAN",7,6,0,0,0,,0,0,,0,0,0,0,0,,0,0,0,,0,0,21,7,28,0,0,0,0,0,2,0,0,0,0,0,0,0,0,0,0,28,23,82.1,330,14.3,11.8,1,127.7,8.7,188,142,6,1,0,0,1,4,12.5,0,0,379,16.7,7,0.8,CB
119,Innis Gaines,7,0,0,2,4.3,0,0,0,0,0,2022,24,GNB,7,1,0,0,0,,0,0,,0,0,0,0,0,,0,0,0,,0,0,5,1,6,0,0,0,0,0,0,0,0,0,0,0,0,0,0,0,0,2,1,50,7,7,3.5,0,58.3,8.5,6,1,1,0,0,0,0,1,14.3,0,0,44,4.3,99,23.1,S
120,Thomas Graham,7,0,0,6,3.4,0,0,0,0,0,2022,23,CLE,7,0,0,0,0,,0,0,,0,0,0,0,0,,0,0,0,,0,0,5,1,6,0,0,0,0,0,0,0,0,0,0,0,0,0,0,0,0,6,6,100,39,6.5,6.5,0,93.7,2,12,27,0,0,0,0,0,0,0,0,0,37,3.4,55,12.4,CB
121,Tyler Hall,7,1,0,16,19.4,0,0,0,0,0,2022,24,LVR,7,3,0,0,0,,0,0,,0,0,0,0,0,,0,0,0,,0,1,12,8,20,2,1,0,0,0,4,0,0,0,0,0,0,0,0,0,0,16,9,56.3,90,10,5.6,0,72.4,5.6,23,67,1,0,0,0,1,0,0,0,0,219,19.4,1,0.2,CB
122,Tae Hayes,7,0,0,3,3.1,0,0,0,0,0,2022,25,"CAR,NWE",7,0,0,0,0,,0,0,,0,0,0,0,0,,0,0,0,,0,0,4,2,6,0,0,0,0,0,0,0,0,0,0,0,0,0,0,0,0,3,1,33.3,6,6,2,0,42.4,4.7,2,4,0,0,0,0,0,0,0,0,0,70,3.1,16,1.7,DB
123,Juju Hughes,7,1,0,6,14.5,0,0,0,0,0,2022,24,DET,7,1,0,0,0,,0,0,,0,0,0,0,0,,0,0,0,,0,1,14,4,18,2,1,0,0,0,0,0,0,0,0,0,0,0,0,0,0,6,3,50,12,4,2,1,95.8,12.2,9,3,6,0,0,0,1,1,5.3,0,0,165,14.5,88,19.5,S
124,Brandon Jones,7,2,0,32,30.6,0,0,0,0,0,2022,24,MIA,7,7,0,0,0,,0,0,,0,0,0,0,0,,0,0,0,,0,2,26,23,49,1,2,0,0,0,3,0,0,0,0,1,0,0,0,0,0,32,20,62.5,183,9.2,5.7,0,78,7,74,109,21,1,0,0,3,4,7.5,0,0,350,30.6,27,6,SS
125,Marshon Lattimore,7,0,0,35,36.7,0,1,0,0,0,2022,26,NOR,7,7,1,0,0,,0,0,,0,0,6,0,0,,0,0,0,,0,0,20,9,29,0,0,1,12,1,4,0,0,0,0,0,0,0,0,12,0,35,21,60,228,10.9,6.5,0,67.3,9.9,132,96,0,0,0,0,0,0,0,0,0,415,36.7,1,0.2,RCB
126,Nahshon Wright,7,0,0,28,11.2,0,1,0,0,0,2022,24,DAL,7,2,0,0,0,,0,0,,0,0,0,0,0,,0,0,0,,0,0,17,6,23,1,0,1,0,0,4,0,0,0,0,0,0,0,0,0,0,28,17,60.7,242,14.2,8.6,0,73.8,12.9,165,77,0,0,0,0,0,1,4.2,0,0,128,11.2,121,25.4,CB
127,Grayland Arnold,8,0,0,0,0,0,0,0,0,0,2022,25,HOU,8,0,0,0,0,,0,0,,0,0,0,0,0,,0,0,0,,0,0,2,1,3,0,0,0,0,0,0,0,0,0,0,0,0,0,0,0,0,0,0,,0,,,0,,,0,0,0,0,0,0,0,0,0,0,0,0,0,166,35.8,CB
128,Chidobe Awuzie,8,0,0,50,45.5,0,0,0,0,0,2022,27,CIN,8,8,0,0,0,,0,0,,0,0,0,0,0,,0,0,0,,0,0,29,6,35,0,0,0,0,0,5,0,0,0,0,1,0,0,0,0,0,50,19,38,236,12.4,4.7,0,53.4,14.5,220,16,1,0,0,0,0,3,7.9,0,0,471,45.5,35,8.1,RCB
129,Corey Ballentine,8,0,0,2,1.6,0,0,0,0,0,2022,26,GNB,8,0,0,0,0,,0,0,,0,0,0,1,0,0,0,0,0,,0,0,4,1,5,0,0,0,0,0,0,0,0,0,0,1,0,0,0,0,0,2,2,100,14,7,7,1,135.4,7,14,0,1,0,0,0,0,1,16.7,0,0,17,1.6,106,24.8,DB
130,Montaric Brown,8,0,0,9,5.4,0,0,0,0,0,2022,23,JAX,8,1,0,0,0,,0,0,,0,0,0,0,0,,0,0,0,,0,0,4,2,6,0,0,0,0,0,0,0,0,0,0,0,0,0,0,0,0,9,6,66.7,81,13.5,9,0,95.1,14,48,33,0,0,0,0,0,1,14.3,0,0,63,5.4,36,8.5,CB
131,Terrell Burgess,8,0,0,2,3.7,0,0,0,0,0,2022,24,"NYG,LAR",8,1,0,0,0,,0,0,,0,0,0,0,0,,0,0,0,,0,0,7,4,11,0,0,0,0,0,0,0,0,0,0,0,0,0,0,0,0,2,2,100,27,13.5,13.5,0,118.7,11.5,23,4,1,0,0,0,0,1,8.3,1,0,82,3.7,91,9.9,S
132,Dane Cruikshank,8,0,0,0,0.1,0,0,0,0,0,2022,27,CHI,8,0,0,0,0,,0,0,,0,0,0,0,0,,0,0,0,,0,0,0,1,1,0,0,0,0,0,0,0,0,0,0,0,0,0,0,0,0,0,0,,0,,,0,,,0,0,0,0,0,0,0,0,0,0,0,1,0.1,119,27.3,DB
133,Lamar Jackson,8,0,0,11,2.2,0,0,0,0,0,2022,24,"CHI,DEN",8,0,0,0,0,,0,0,,0,0,0,0,0,,0,0,0,,0,0,3,0,3,0,0,0,0,0,2,0,0,0,0,0,0,0,0,0,0,11,4,36.4,88,22,8,0,65.7,14.4,65,23,0,0,0,0,0,0,0,0,0,49,2.2,92,10,DB
134,Daryl Worley,8,0,0,11,5.9,0,0,0,0,0,2022,27,BAL,8,1,0,0,0,,0,0,,0,0,0,0,0,,0,0,0,,0,0,6,2,8,1,0,0,0,0,2,0,0,0,0,0,0,0,0,0,0,11,6,54.5,59,9.8,5.4,1,100.2,14.6,44,15,0,0,0,0,0,0,0,0,0,64,5.9,88,20.4,CB
135,Cornell Armstrong,9,0,0,43,33.2,0,0,0,0,0,2022,27,ATL,9,4,0,0,0,,0,0,,0,0,0,0,0,,0,0,0,,0,0,22,11,33,0,0,0,0,0,7,0,0,0,0,0,0,0,0,0,0,43,24,55.8,310,12.9,7.2,2,94.1,12.1,226,84,0,0,0,0,0,1,2.9,0,0,372,33.2,52,12,DB
136,Christian Benford,9,0,0,28,34.5,0,1,0,0,0,2022,22,BUF,9,5,0,0,0,,0,0,,0,0,0,0,0,,0,0,0,,0,0,17,7,24,1,0,1,35,0,5,0,0,0,0,0,0,0,0,35,0,28,17,60.7,231,13.6,8.3,1,84.1,11.3,138,93,0,0,0,0,0,6,20,0,0,363,34.5,43,10.5,LCB
137,Caleb Farley,9,0,0,12,8.8,0,0,0,0,0,2022,24,TEN,9,1,0,0,0,,0,0,,0,0,0,0,0,,0,0,0,,0,0,9,1,10,0,0,0,0,0,0,0,0,0,0,0,0,0,0,0,0,12,8,66.7,198,24.8,16.5,1,137.5,17,154,44,0,0,0,0,0,2,16.7,0,0,103,8.8,75,16.7,CB
138,Amani Hooker,9,0,0,40,44.7,1,1,0,0,0,2022,24,TEN,9,9,0,0,0,,0,0,,0,0,0,0,0,,0,1,0,0,0,0,39,7,46,1,0,1,0,0,3,1,1,0,0,1,0,0,0,0,0,40,28,70,335,12,8.4,2,101.6,6.6,201,134,21,4,0,0,4,2,4.2,0,0,522,44.7,58,12.9,FS
139,Noah Igbinoghene,9,0,0,23,20.8,0,1,0,0,0,2022,23,MIA,9,2,0,0,0,,0,0,,0,0,0,0,0,,0,0,0,,0,0,8,2,10,0,0,1,0,0,3,0,0,0,0,0,0,0,0,0,0,23,12,52.2,142,11.8,6.2,2,82.2,13.1,100,42,1,0,0,0,0,1,9.1,0,0,238,20.8,41,9.1,CB
140,Donte Jackson,9,0,0,49,38.2,0,2,0,0,0,2022,27,CAR,9,9,1,0,0,,0,0,,0,0,6,0,0,,0,0,0,,0,0,32,3,35,1,0,2,30,1,3,0,0,0,0,0,0,0,0,30,0,49,37,75.5,340,9.2,6.9,2,90.5,8.9,255,85,0,0,0,0,0,1,2.8,0,0,442,38.2,7,1.5,LCB
141,Tony Jefferson,9,0,0,15,14.5,0,0,0,0,0,2022,30,NYG,9,1,0,0,0,,0,0,,0,0,0,0,0,,0,0,0,,0,0,16,7,23,0,0,0,0,0,1,0,0,0,0,0,0,0,0,0,0,15,13,86.7,87,6.7,5.8,0,90.8,3.6,40,47,14,0,0,0,0,0,0,0,0,164,14.5,83,17.6,DB
142,Damontae Kazee,9,0,0,11,25.7,0,2,0,0,0,2022,29,PIT,9,4,0,0,0,,0,0,,0,0,0,0,0,,0,0,0,,0,0,11,9,20,0,0,2,14,0,2,0,0,0,0,0,0,0,0,14,0,11,7,63.6,79,11.3,7.2,0,45.5,8.5,35,44,2,0,0,0,0,0,0,0,0,273,25.7,58,13.2,S
143,Quentin Lake,9,1,0,2,5.8,0,0,0,0,0,2022,23,LAR,9,0,0,0,0,,0,0,,0,0,0,0,0,,0,0,0,,0,1,8,2,10,1,0,0,0,0,1,0,0,0,0,0,0,0,0,0,0,2,2,100,39,19.5,19.5,0,118.7,12,24,15,0,0,0,0,1,1,9.1,0,0,63,5.8,139,31.2,S
144,Justin Layne,9,0,0,2,0.5,0,0,0,0,0,2022,24,"CHI,NYG",9,0,0,0,0,,0,0,,0,0,0,0,0,,0,0,0,,0,0,4,0,4,0,0,0,0,0,1,0,0,0,0,0,0,0,0,0,0,2,1,50,9,9,4.5,0,62.5,5.5,8,1,0,0,0,0,0,0,0,0,0,11,0.5,106,11.7,DB
145,Avonte Maddox,9,1,0,37,41.3,0,1,0,0,0,2022,26,PHI,9,8,0,0,0,,0,0,,0,0,0,0,0,,0,0,0,,0,1,28,15,43,3,2,1,2,0,3,0,1,10,0,3,0,0,0,12,0,37,24,64.9,288,12,7.8,0,77.3,4.6,103,185,7,0,1,0,2,5,10.4,0,0,457,41.3,17,3.8,DB
146,Xavier McKinney,9,1,0,23,49,0,0,0,0,0,2022,24,NYG,9,9,0,0,0,,0,0,,0,0,0,0,0,,0,0,0,,0,1,29,16,45,2,1,0,0,0,5,0,0,0,0,1,0,0,0,0,0,23,12,52.2,185,15.4,8,1,93.6,14.7,130,55,28,2,0,3,3,2,4.3,3,0.3,554,49,53,11.3,FS
147,Trayvon Mullen,9,0,0,19,7,0,0,0,0,0,2022,25,"ARI,DAL",9,0,0,0,0,,0,0,,0,0,0,0,0,,0,0,0,,0,0,13,3,16,0,1,0,0,0,1,0,0,0,0,1,0,0,0,0,0,19,15,78.9,202,13.5,10.6,2,146.1,10.2,127,75,1,0,1,0,1,3,15.8,0,0,159,7,65,7,CB
148,Byron Murphy,9,0.5,0,58,53.4,0,0,0,0,0,2022,24,ARI,9,9,1,0,0,,0,0,,0,0,6,0,0,,0,0,0,,0,0.5,29,7,36,3,1,0,0,0,4,0,2,59,1,0,0,0,0,59,0,58,37,63.8,346,9.4,6,4,103.1,6.4,156,190,8,1,0,0,2,3,7.7,0,0,593,53.4,21,4.6,LCB
149,Darius Phillips,9,0,0,1,0.5,0,0,0,0,0,2022,27,DEN,9,0,0,0,0,,0,0,,0,0,0,0,0,,0,0,0,,0,0,1,1,2,0,0,0,0,0,0,0,0,0,0,0,0,0,0,0,0,1,1,100,5,5,5,0,87.5,-7,-7,12,0,0,0,0,0,0,0,0,0,6,0.5,119,24.8,CB
150,Logan Ryan,9,0,0,21,39.8,0,1,0,0,0,2022,31,TAM,9,6,0,0,0,,0,0,,0,0,0,0,0,,0,0,0,,0,0,24,13,37,1,0,1,0,0,3,0,1,0,0,1,0,0,0,0,0,21,12,57.1,160,13.3,7.6,2,93.4,13.1,122,38,4,1,0,0,1,3,7.5,0,0,446,39.8,3,0.7,FS
151,Derek Stingley Jr.,9,1,0,54,51.2,0,1,0,0,0,2022,21,HOU,9,9,0,0,0,,0,0,,0,0,0,0,0,,0,0,0,,0,1,35,8,43,0,0,1,9,0,5,0,0,0,0,0,0,0,0,9,0,54,34,63,409,12,7.6,0,78.4,9.9,288,121,0,0,0,0,1,2,4.4,0,0,600,51.2,0,0,LCB
152,Eric Stokes,9,0,0,25,46.2,0,0,0,0,0,2022,23,GNB,9,9,0,0,0,,0,0,,0,0,0,0,0,,0,0,0,,0,0,21,5,26,0,0,0,0,0,0,0,0,0,0,0,0,0,0,0,0,25,20,80,261,13.1,10.4,1,123.5,12.5,186,75,1,0,0,0,0,2,7.1,0,0,477,46.2,74,17.3,RCB
153,Isaac Yiadom,9,0,0,0,0.1,0,0,0,0,0,2022,26,"HOU,NOR",9,0,0,0,0,,0,0,,0,0,0,0,0,,0,0,0,,0,0,1,1,2,0,0,0,0,0,0,0,0,0,0,0,0,0,0,0,0,0,0,,0,,,0,,,0,0,0,0,0,0,0,0,0,0,0,2,0.1,175,19.2,DB
154,Reed Blankenship,10,0,0,11,26.3,0,1,0,0,0,2022,23,PHI,10,4,0,0,0,,0,0,,0,0,0,0,0,,0,0,0,,0,0,20,14,34,0,0,1,4,0,2,0,0,0,0,0,0,0,0,4,0,11,6,54.5,71,11.8,6.5,1,66.9,8,33,38,0,0,0,0,0,1,2.9,0,0,291,26.3,90,19.9,FS
155,Cameron Dantzler,10,0,0,53,43.5,0,0,0,0,0,2022,24,MIN,10,9,0,0,0,,0,0,,0,0,0,0,0,,0,0,0,,0,0,45,5,50,3,0,0,0,0,5,0,1,16,0,1,0,0,0,16,0,53,41,77.4,407,9.9,7.7,2,111.1,8.1,244,163,1,0,0,0,0,3,5.7,0,0,505,43.5,7,1.4,LCB
156,Akayleb Evans,10,0,0,25,14,0,0,0,0,0,2022,23,MIN,10,2,0,0,0,,0,0,,0,0,0,0,0,,0,0,0,,0,0,19,4,23,3,0,0,0,0,2,0,0,0,0,1,0,0,0,0,0,25,16,64,252,15.8,10.1,1,110.7,13.6,185,67,0,0,0,0,0,1,4.2,0,0,162,14,91,18.5,CB
157,Antonio Hamilton,10,0,0,48,37.6,0,1,0,0,0,2022,29,ARI,10,5,0,0,0,,0,0,,0,0,0,0,0,,0,0,0,,0,0,40,4,44,0,0,1,0,0,5,0,0,0,0,0,0,0,0,0,0,48,32,66.7,301,9.4,6.3,1,82,6.8,105,196,4,0,0,0,0,4,8.3,0,0,418,37.6,122,26.8,LCB
158,Chris Harris Jr.,10,1,0,34,33.1,0,0,0,0,0,2022,33,NOR,10,4,0,0,0,,0,0,,0,0,0,0,0,,0,0,0,,0,1,26,3,29,1,1,0,0,0,3,0,0,0,0,1,0,0,0,0,0,34,26,76.5,278,10.7,8.2,1,109.7,6.5,166,112,14,1,0,0,2,2,6.5,0,0,375,33.1,2,0.4,DB
159,Adoree' Jackson,10,0,0,60,49,0,0,5,0,0,2022,27,NYG,10,10,0,0,0,,0,0,,0,0,0,0,0,,0,3,5,1.7,0,0,40,11,51,2,0,0,0,0,7,0,2,1,0,1,0,0,0,6,5,60,31,51.7,398,12.8,6.6,2,83.9,9.8,296,102,1,0,0,0,0,3,5.6,0,0,554,49,47,10,LCB
160,Sidney Jones,10,0,0,14,4.8,0,0,0,0,0,2022,26,"LVR,SEA",10,2,0,0,0,,0,0,,0,0,0,0,0,,0,0,0,,0,0,7,5,12,0,0,0,0,0,1,0,0,0,0,0,0,0,0,0,0,14,8,57.1,99,12.4,7.1,0,79.2,11.3,91,8,1,0,0,0,0,0,0,0,0,110,4.8,1,0.1,CB
161,Marcus Maye,10,0,0,18,59.1,0,0,0,0,0,2022,29,NOR,10,10,0,0,0,,0,0,,0,0,0,0,0,,0,0,0,,0,0,42,18,60,0,0,0,0,0,2,0,0,0,0,1,0,0,0,0,0,18,12,66.7,98,8.2,5.4,0,80.3,6.3,45,53,1,0,0,0,0,1,1.6,0,0,669,59.1,3,0.7,SS
162,Verone McKinley,10,0,0,5,22.1,0,1,0,0,0,2022,22,MIA,10,2,0,0,0,,0,0,,0,0,0,0,0,,0,0,0,,0,0,10,6,16,0,1,1,17,0,1,0,0,0,0,0,0,0,0,17,0,5,2,40,32,16,6.4,0,22.5,7.6,24,8,7,1,1,0,2,2,11.1,0,0,253,22.1,2,0.4,S
163,Ifeatu Melifonwu,10,0.5,0,6,8.6,0,0,0,0,0,2022,23,DET,10,1,0,0,0,,0,0,,0,0,0,0,0,,0,0,0,,0,0.5,9,5,14,1,0,0,0,0,2,0,0,0,0,0,0,0,0,0,0,6,4,66.7,49,12.3,8.2,1,131.2,6.2,20,29,1,0,0,0,1,1,6.7,0,0,98,8.6,81,18,S
164,Jalen Mills,10,0,0,46,41.5,0,2,0,0,0,2022,28,NWE,10,10,0,0,0,,0,0,,0,0,0,0,0,,0,0,0,,0,0,26,5,31,1,1,2,28,0,5,0,0,0,0,0,0,0,0,28,0,46,28,60.9,378,13.5,8.2,2,83.4,11.2,255,123,1,0,1,0,1,2,6.1,0,0,469,41.5,8,1.8,RCB
165,Teez Tabor,10,0,0,6,8.8,0,0,0,0,0,2022,27,SEA,10,1,0,0,0,,0,0,,0,0,0,0,0,,0,0,0,,0,0,5,4,9,0,0,0,0,0,0,0,0,0,0,0,0,0,0,0,0,6,4,66.7,61,15.3,10.2,0,100,12.5,49,12,0,0,0,0,0,1,10,0,0,102,8.8,100,21.5,S
166,Cam Taylor-Britt,10,0,0,58,57,0,0,0,0,0,2022,23,CIN,10,9,0,0,0,,0,0,,0,0,0,0,0,,0,0,0,,0,0,41,14,55,1,0,0,0,0,6,0,0,0,0,1,0,0,0,0,0,58,34,58.6,483,14.2,8.3,3,102.9,12.8,347,136,1,0,0,0,0,6,9.8,0,0,591,57,19,4.4,RCB
167,Tavierre Thomas,10,0,0,29,35,0,0,0,0,0,2022,26,HOU,10,6,0,0,0,,0,0,,0,0,0,0,0,,0,0,0,,0,0,23,18,41,1,0,0,0,0,1,0,0,0,0,2,0,0,0,0,0,29,18,62.1,132,7.3,4.6,0,72.8,6.2,69,63,13,0,0,0,0,3,6.8,0,0,410,35,153,33,LCB
168,Marcus Williams,10,0,0,30,58.4,0,4,0,0,0,2022,26,BAL,10,10,0,0,0,,0,0,,0,0,0,0,0,,0,0,0,,0,0,44,17,61,2,0,4,33,0,8,0,1,0,0,0,0,0,0,33,0,30,23,76.7,322,14,10.7,0,71.1,9.9,190,132,5,0,0,0,0,4,6.2,0,0,638,58.4,0,0,FS
169,JT Woods,10,0,0,2,3,0,0,0,0,0,2022,22,LAC,10,1,0,0,0,,0,0,,0,0,0,0,0,,0,0,0,,0,0,2,1,3,0,0,0,0,0,0,0,0,0,0,0,0,0,0,0,0,2,1,50,33,33,16.5,1,135.4,14.5,12,21,0,0,0,0,0,1,25,0,0,31,3,73,15.8,S
170,Tony Adams,11,0,0,4,10.4,0,0,0,0,0,2022,23,NYJ,11,1,0,0,0,,0,0,,0,0,0,0,0,,0,0,0,,0,0,10,7,17,0,0,0,0,0,0,0,0,0,0,0,0,0,0,0,0,4,3,75,31,10.3,7.8,0,96.9,10,25,6,1,1,0,0,1,1,5.6,0,0,118,10.4,128,27.8,S
171,Joey Blount,11,0,0,0,0,0,0,0,0,0,2022,24,SEA,11,0,0,0,0,,0,0,,0,0,0,0,0,,0,0,0,,0,0,8,0,8,0,0,0,0,0,0,0,1,0,0,0,0,0,0,0,0,0,0,,0,,,0,,,0,0,0,0,0,0,0,0,0,0,0,0,0,175,37.6,S
172,Jeremy Chinn,11,1,0,50,59.1,0,0,0,0,0,2022,24,CAR,11,11,0,0,0,,0,0,,0,0,0,0,0,,0,0,0,,0,1,51,19,70,2,1,0,0,0,6,0,0,0,0,0,0,0,0,0,0,50,34,68,414,12.2,8.3,0,93.2,11,298,116,13,1,0,1,2,5,6.7,0,0,683,59.1,30,6.4,SS/FS
173,Cordale Flott,11,0,0,27,29.6,0,0,0,0,0,2022,21,NYG,11,6,0,0,0,,0,0,,0,0,0,0,0,,0,0,0,,0,0,15,11,26,0,0,0,0,0,2,0,0,0,0,1,0,0,0,0,0,27,17,63,191,11.2,7.1,1,96.4,8.4,114,77,0,1,0,0,1,1,3.7,0,0,335,29.6,91,19.3,CB
174,Kristian Fulton,11,0,0,63,55.9,0,1,0,0,0,2022,24,TEN,11,11,0,0,0,,0,0,,0,0,0,0,0,,0,0,0,,0,0,35,13,48,3,0,1,0,0,5,0,1,0,0,1,0,0,0,0,0,63,33,52.4,421,12.8,6.7,3,82.8,11.1,265,156,1,0,0,0,0,6,11.1,0,0,653,55.9,4,0.9,RCB
175,Nate Hobbs,11,1,0,77,59.4,0,0,0,0,0,2022,23,LVR,11,11,0,0,0,,0,0,,0,0,0,0,0,,0,0,0,,0,1,57,15,72,3,1,0,0,0,4,0,1,7,0,1,0,0,0,7,0,77,58,75.3,622,10.7,8.1,5,120.2,8.3,389,233,3,0,0,0,1,7,8.9,0,0,669,59.4,27,6,RCB
176,Theo Jackson,11,0,0,0,1.6,0,0,0,0,0,2022,24,MIN,11,0,0,0,0,,0,0,,0,0,0,0,0,,0,0,0,,0,0,4,5,9,0,0,0,0,0,0,0,1,0,0,0,0,0,0,0,0,0,0,,0,,,0,,,0,0,0,0,0,0,0,0,0,0,0,18,1.6,275,55.8,S
177,Josh Jobe,11,0,0,1,1.1,0,0,0,0,0,2022,24,PHI,11,0,0,0,0,,0,0,,0,0,0,0,0,,0,0,0,,0,0,0,1,1,0,0,0,0,0,0,0,0,0,0,0,0,0,0,0,0,1,1,100,12,12,12,0,116.7,3,3,9,0,0,0,0,0,1,50,0,0,12,1.1,220,48.6,CB
178,Danny Johnson,11,1,0,39,28.1,0,1,0,0,0,2022,27,WAS,11,4,0,0,0,,0,0,,0,0,0,0,0,,0,0,0,,0,1,20,9,29,1,1,1,0,0,9,0,0,0,0,0,0,0,0,0,0,39,21,53.8,167,8,4.3,0,54.1,8.4,115,52,6,0,0,0,1,0,0,0,0,293,28.1,49,10.6,CB
179,Jaylon Johnson,11,0,0,51,60.5,0,0,0,0,0,2022,23,CHI,11,11,0,0,0,,0,0,,0,0,0,0,0,,0,0,0,,0,0,28,7,35,1,0,0,0,0,7,0,1,17,0,1,0,0,0,17,0,51,30,58.8,452,15.1,8.9,1,94.6,11.4,253,199,2,0,0,0,0,5,12.5,0,0,658,60.5,30,6.9,LCB
180,Nazeeh Johnson,11,0,0,0,0,0,0,0,0,0,2022,24,KAN,11,0,0,0,0,,0,0,,0,0,0,0,0,,0,0,0,,0,0,5,3,8,0,0,0,0,0,0,0,0,0,0,0,0,0,0,0,0,0,0,,0,,,0,,,0,0,0,0,0,0,0,0,0,0,0,0,0,96,20.9,S
181,Trent McDuffie,11,1,0,51,59.4,0,0,0,0,0,2022,22,KAN,11,11,0,0,0,,0,0,,0,0,0,0,0,,0,0,0,,0,1,28,16,44,1,1,0,0,0,7,0,0,0,0,1,0,0,0,0,0,51,27,52.9,253,9.4,5,3,86.5,11.1,163,90,13,0,1,0,2,2,4.3,0,0,682,59.4,33,7.2,RCB
182,Terrance Mitchell,11,0,0,55,34.1,0,1,0,0,0,2022,30,TEN,11,5,0,0,0,,0,0,,0,0,0,0,0,,0,0,0,,0,0,31,8,39,1,0,1,1,0,4,0,0,0,0,1,0,0,0,1,0,55,35,63.6,460,13.1,8.4,2,94.5,8.9,317,143,0,0,0,0,0,2,4.9,0,0,398,34.1,8,1.8,LCB
183,C.J. Moore,11,0,0,3,9.3,1,0,0,0,0,2022,27,DET,11,0,0,0,0,,0,0,,0,0,0,0,0,,0,0,0,,0,0,7,5,12,0,1,0,0,0,1,1,1,0,0,0,2,55,55,55,0,3,2,66.7,72,36,24,1,149.3,21.3,47,25,2,0,1,0,1,1,7.7,0,0,106,9.3,224,49.7,S
184,Isaiah Pola-Mao,11,1,0,8,7.1,0,0,0,0,0,2022,23,LVR,11,0,0,0,0,,0,0,,0,0,0,0,0,,0,0,0,,0,1,14,6,20,2,2,0,0,0,0,0,0,0,0,0,0,0,0,0,0,8,6,75,34,5.7,4.3,0,82.3,1.5,6,28,5,0,1,0,2,1,4.8,0,0,80,7.1,179,39.5,S
185,Duke Shelley,11,0,0,46,34.2,0,1,0,0,0,2022,26,MIN,11,5,0,0,0,,0,0,,0,0,0,0,0,,0,0,0,,0,0,23,8,31,0,0,1,0,0,8,0,0,0,0,0,0,0,0,0,0,46,21,45.7,266,12.7,5.8,0,55.2,12.6,209,57,0,0,0,0,0,1,3.1,0,0,397,34.2,66,13.4,LCB
186,Greedy Williams,11,0,0,10,9.6,0,0,0,0,0,2022,25,CLE,11,1,0,0,0,,0,0,,0,0,0,0,0,,0,0,0,,0,0,6,5,11,0,0,0,0,0,0,0,0,0,0,0,0,0,0,0,0,10,9,90,163,18.1,16.3,2,158.3,13.1,98,65,0,0,0,0,0,2,15.4,0,0,105,9.6,115,25.9,CB
187,P.J. Williams,11,0,0,12,26.2,0,0,0,0,0,2022,29,NOR,11,3,0,0,0,,0,0,,0,0,0,0,0,,0,0,0,,0,0,17,9,26,0,0,0,0,0,2,0,0,0,0,0,0,0,0,0,0,12,9,75,162,18,13.5,2,156.2,9,76,86,1,0,0,0,0,1,3.7,0,0,297,26.2,49,11,CB
188,Rock Ya-Sin,11,0,0,69,59,0,0,0,0,0,2022,26,LVR,11,9,0,0,0,,0,0,,0,0,0,0,0,,0,0,0,,0,0,37,8,45,0,1,0,0,0,7,0,0,0,0,0,0,0,0,0,0,69,42,60.9,414,9.9,6,1,82.6,8.1,243,171,2,0,1,0,1,6,11.8,0,0,665,59,1,0.2,LCB
189,Anthony Brown,12,0,0,87,63.6,0,0,0,0,0,2022,29,DAL,12,12,0,0,0,,0,0,,0,0,0,0,0,,0,0,0,,0,0,33,9,42,1,0,0,0,0,7,0,0,0,0,1,0,0,0,0,0,87,46,52.9,589,12.8,6.8,4,89.7,11.7,412,177,1,0,0,0,0,7,14.3,0,0,729,63.6,0,0,LCB
190,Sean Murphy-Bunting,12,0,0,41,38.4,0,2,0,0,0,2022,25,TAM,12,5,0,0,0,,0,0,,0,0,0,0,0,,0,0,0,,0,0,19,12,31,1,0,2,33,0,7,0,0,0,0,1,0,0,0,33,0,41,21,51.2,186,8.9,4.5,2,59.6,11.9,145,41,4,0,0,0,0,5,13.9,0,0,430,38.4,120,26.1,CB
191,Justin Coleman,12,0,0,6,5.2,0,0,0,0,0,2022,29,SEA,12,0,0,0,0,,0,0,,0,0,0,0,0,,0,0,0,,0,0,5,5,10,0,0,0,0,0,0,0,0,0,0,0,0,0,0,0,0,6,4,66.7,34,8.5,5.7,0,81.2,2.3,0,34,0,0,0,0,0,1,9.1,0,0,60,5.2,120,25.8,DB
192,Kamren Curl,12,1,0,39,69.6,0,0,0,0,0,2022,23,WAS,12,12,0,0,0,,0,0,,0,0,0,0,0,,0,0,0,,0,1,58,25,83,6,0,0,0,0,0,0,0,0,0,0,0,0,0,0,0,39,30,76.9,312,10.4,8,2,116.6,5.5,173,139,8,0,0,0,1,4,4.6,0,0,727,69.6,0,0,SS
193,C.J. Gardner-Johnson,12,1,0,52,65.9,0,6,0,0,0,2022,25,PHI,12,12,0,0,0,,0,0,,0,0,0,0,0,,0,0,0,,0,1,61,6,67,5,2,6,54,0,8,0,0,0,0,0,0,0,0,54,0,52,38,73.1,446,11.7,8.6,3,78.4,11,323,123,10,1,1,0,3,11,14.1,0,0,729,65.9,1,0.2,FS
194,Troy Hill,12,0,0,56,64.6,0,1,0,0,0,2022,31,LAR,12,12,0,0,0,,0,0,,0,0,0,0,0,,0,0,0,,0,0,45,22,67,1,0,1,5,0,4,0,0,0,0,0,0,0,0,5,0,56,40,71.4,421,10.5,7.5,3,103.3,8,241,180,6,0,0,0,0,8,10.7,0,0,704,64.6,0,0,LCB
195,Eddie Jackson,12,0,0,34,64.2,0,4,0,0,0,2022,29,CHI,12,12,0,0,0,,0,0,,0,0,0,0,0,,0,0,0,,0,0,59,21,80,1,0,4,44,0,6,0,0,0,0,2,0,0,0,44,0,34,21,61.8,348,16.6,10.2,1,66.4,12.5,250,98,5,0,0,0,0,9,10.1,0,0,698,64.2,49,11.2,SS
196,Jerry Jacobs,12,1,0,60,47.7,0,1,0,0,0,2022,25,DET,12,8,0,0,0,,0,0,,0,0,0,0,0,,0,0,0,,0,1,37,5,42,4,1,1,38,0,8,0,0,0,0,0,0,0,0,38,0,60,32,53.3,358,11.2,6,1,70,12,237,121,1,0,0,0,1,4,8.7,0,0,542,47.7,77,17.1,LCB
197,Lonnie Johnson Jr.,12,0,0,6,14.1,0,0,0,0,0,2022,27,TEN,12,0,0,0,0,,0,0,,0,0,0,0,0,,0,0,0,,0,0,8,3,11,0,0,0,0,0,0,0,0,0,0,0,0,0,0,0,0,6,3,50,46,15.3,7.7,1,115.3,19.5,31,15,0,0,0,0,0,2,15.4,0,0,165,14.1,182,40.6,CB
198,Josh Jones,12,0,0,20,32.4,0,0,0,0,0,2022,28,SEA,12,3,0,0,0,,0,0,,0,0,0,0,0,,0,0,0,,0,0,23,5,28,0,1,0,0,0,1,0,1,0,0,0,0,0,0,0,0,20,12,60,251,20.9,12.6,1,120.8,11.3,101,150,4,0,1,0,1,8,22.2,0,0,375,32.4,166,35.6,S
199,David Long,12,0,0,32,26.4,0,0,0,0,0,2022,24,LAR,12,4,0,0,0,,0,0,,0,0,0,0,0,,0,0,0,,0,0,18,3,21,0,0,0,0,0,1,0,0,0,0,0,0,0,0,0,0,32,24,75,294,12.3,9.2,1,113.3,9.8,216,78,0,0,0,0,0,3,12.5,0,0,288,26.4,17,3.8,DB
200,Dean Marlowe,12,0,0,7,9.6,0,0,0,0,0,2022,30,"ATL,BUF",12,2,0,0,0,,0,0,,0,0,0,0,0,,0,0,0,,0,0,10,4,14,0,0,0,0,0,0,0,0,0,0,0,0,0,0,0,0,7,6,85.7,146,24.3,20.9,1,158.3,18.6,130,16,1,0,0,0,0,2,12.5,0,0,209,9.6,193,22.8,S
201,Kenny Moore,12,1,0,48,67.9,0,0,0,0,0,2022,27,IND,12,12,0,0,0,,0,0,,0,0,0,0,0,,0,0,0,,0,1,50,15,65,4,1,0,0,0,4,0,0,0,0,0,0,0,0,0,0,48,34,70.8,412,12.1,8.6,3,117.7,8.5,225,187,11,0,0,0,1,5,7.1,0,0,773,67.9,86,18.9,LCB
202,Isaiah Oliver,12,1,0,42,31.1,0,1,0,0,0,2022,26,ATL,12,5,0,0,0,,0,0,,0,0,0,0,0,,0,0,0,,0,1,25,12,37,3,2,1,27,0,7,0,0,0,0,0,0,0,0,27,0,42,29,69,267,9.2,6.4,0,76.2,7.3,98,169,3,0,1,1,2,3,7.5,0,0,349,31.1,77,17.7,LCB/RCB
203,Jordan Poyer,12,0,0,31,71.8,0,4,0,0,0,2022,31,BUF,12,12,0,0,0,,0,0,,0,0,0,0,0,,0,0,0,,0,0,44,19,63,4,0,4,6,0,8,0,0,0,0,1,0,0,0,6,0,31,21,67.7,146,7,4.7,2,60.1,6,81,65,12,0,0,0,0,3,4.5,0,0,755,71.8,42,10.2,SS
204,Justin Simmons,12,0,0,47,70.7,0,6,0,0,0,2022,29,DEN,12,12,0,0,0,,0,0,,0,0,0,0,0,,0,0,0,,0,0,42,27,69,2,0,6,51,0,7,0,1,17,0,3,0,0,0,68,0,47,36,76.6,330,9.2,7,4,84,6.2,158,172,1,0,0,0,0,8,10.4,0,0,809,70.7,7,1.5,FS
205,Benjamin St-Juste,12,2,0,65,62.7,0,0,0,0,0,2022,25,WAS,12,12,0,0,0,,0,0,,0,0,0,0,0,,0,0,0,,0,2,34,8,42,2,3,0,0,0,7,0,0,0,0,1,0,0,0,0,0,65,31,47.7,466,15,7.2,3,87.1,12.5,325,141,6,0,1,0,3,4,8.7,0,0,655,62.7,12,2.6,RCB
206,Jimmie Ward,12,0,0,71,47.6,0,3,0,0,0,2022,31,SFO,12,5,0,0,0,,0,0,,0,0,0,0,0,,0,0,0,,0,0,38,12,50,1,2,3,0,0,5,0,0,0,0,1,0,0,0,0,0,71,52,73.2,473,9.1,6.7,3,87.4,4.6,243,230,11,0,2,0,2,4,7.4,0,0,510,47.6,41,9.4,DB
207,Andrew Adams,13,0,0,57,62.2,0,1,0,0,0,2022,30,TEN,13,11,1,0,0,,0,0,,0,0,6,0,0,,0,0,0,,0,0,44,18,62,0,1,1,76,1,3,0,0,0,0,0,0,0,0,76,0,57,43,75.4,464,10.8,8.1,2,103.3,7.6,174,290,6,1,1,0,2,9,12.7,0,0,727,62.2,98,21.9,FS
208,Paulson Adebo,13,0,0,76,71.7,0,0,0,0,0,2022,23,NOR,13,12,0,0,0,,0,0,,0,0,0,0,0,,0,0,0,,0,0,51,9,60,2,0,0,0,0,7,0,0,0,0,0,0,0,0,0,0,76,50,65.8,664,13.3,8.7,6,119.6,10.8,418,246,1,0,0,0,0,9,13,0,0,812,71.7,8,1.8,LCB
209,Chris Banjo,13,0,0,0,6.9,0,0,0,0,0,2022,32,ARI,13,1,1,0,0,,0,0,,0,0,6,0,0,,0,0,0,,0,0,6,5,11,0,0,0,0,0,0,0,1,0,1,0,0,0,0,0,0,0,0,,0,,,0,,,0,0,1,0,0,0,0,0,0,0,0,77,6.9,287,63.1,DB
210,Jacob Bobenmoyer,13,0,0,0,0,0,0,0,0,0,2022,25,DEN,13,0,0,0,0,,0,0,,0,0,0,0,0,,0,0,0,,0,0,2,2,4,0,0,0,0,0,0,0,0,0,0,0,0,0,0,0,0,0,0,,0,,,0,,,0,0,0,0,0,0,0,0,0,0,0,0,0,119,24.8,LS
211,Carlton Davis,13,0,0,93,72.3,0,1,0,0,0,2022,25,TAM,13,13,0,0,0,,0,0,,0,0,0,0,0,,0,0,0,,0,0,53,12,65,3,1,1,0,0,12,0,1,0,0,1,0,0,0,0,0,93,52,55.9,622,12,6.7,3,82.8,9.5,356,266,3,0,1,0,1,5,7.1,0,0,810,72.3,71,15.4,LCB
212,Jalen Davis,13,0,0,2,4.8,0,0,0,0,0,2022,26,CIN,13,0,0,0,0,,0,0,,0,0,0,0,0,,0,0,0,,0,0,0,2,2,0,0,0,0,0,0,0,1,0,0,0,0,0,0,0,0,2,1,50,9,9,4.5,0,62.5,0.5,1,8,0,0,0,0,0,0,0,0,0,50,4.8,86,19.8,DB
213,Cobie Durant,13,1,0,22,25.8,0,3,0,0,0,2022,24,LAR,13,1,1,0,0,,0,0,,0,0,6,0,0,,0,0,0,,0,1,15,7,22,1,1,3,151,1,5,0,0,0,0,0,0,0,0,151,0,22,13,59.1,136,10.5,6.2,1,52.7,5.2,56,80,5,0,0,0,1,2,8.3,0,0,281,25.8,111,24.9,DB
214,Brandin Echols,13,0,0,14,6.1,0,0,0,0,0,2022,25,NYJ,13,0,0,0,0,,0,0,,0,0,0,0,0,,0,0,0,,0,0,6,2,8,0,0,0,0,0,2,0,0,0,0,0,0,0,0,0,0,14,7,50,102,14.6,7.3,1,97.9,11.2,60,42,0,0,0,0,0,1,11.1,0,0,69,6.1,224,48.7,CB
215,Mike Edwards,13,1,0,48,72.6,0,2,0,0,0,2022,26,TAM,13,12,1,0,0,,0,0,,0,0,6,0,0,,0,0,0,,0,1,52,30,82,3,2,2,66,1,3,0,0,0,0,0,0,0,0,66,0,48,32,66.7,488,15.3,10.2,4,110.4,14.5,310,178,22,2,1,0,4,5,5.7,0,0,814,72.6,51,11.1,FS
216,Kaiir Elam,13,0,0,47,45.4,0,2,0,0,0,2022,21,BUF,13,6,0,0,0,,0,0,,0,0,0,0,0,,0,0,0,,0,0,29,12,41,1,0,2,0,0,4,0,0,0,0,0,0,0,0,0,0,47,33,70.2,363,11,7.7,3,96.3,9.8,248,115,0,0,0,0,0,4,8.9,0,0,477,45.4,25,6.1,LCB
217,Clayton Fejedelem,13,0,0,7,3.1,0,0,0,0,0,2022,29,MIA,13,0,0,0,0,,0,0,,0,0,0,0,0,,0,0,0,,0,0,7,5,12,0,0,0,0,0,1,0,0,0,0,0,1,0,0,0,0,7,4,57.1,72,18,10.3,0,92.6,11.3,47,25,2,0,0,0,0,0,0,0,0,36,3.1,274,60.5,S
218,Dallis Flowers,13,0,0,8,15.3,2,0,728,0,0,2022,25,IND,13,1,0,0,0,,0,0,,0,0,0,23,715,31.1,0,3,13,4.3,0,0,10,4,14,0,0,0,0,0,0,2,1,0,0,1,0,0,0,728,728,8,4,50,60,15,7.5,1,114.6,14.6,40,20,0,0,0,0,0,3,17.6,0,0,174,15.3,143,31.5,CB
219,Jaycee Horn,13,0,0,60,70.2,0,3,0,0,0,2022,23,CAR,13,13,0,0,0,,0,0,,0,0,0,0,0,,0,0,0,,0,0,37,16,53,2,1,3,49,0,7,0,0,0,0,0,0,0,0,49,0,60,33,55,429,13,7.2,1,62.4,12.1,306,123,9,2,1,2,3,6,10.2,0,0,812,70.2,32,6.8,RCB
220,Khaleke Hudson,13,0,0,1,6.9,0,0,0,0,0,2022,25,WAS,13,1,0,0,0,,0,0,,0,0,0,0,0,,0,0,0,,0,0,4,7,11,0,1,0,0,0,0,0,0,0,0,0,0,0,0,0,0,1,1,100,12,12,12,0,116.7,8,8,4,3,0,1,0,1,0,0,0,0,72,6.9,270,58.6,S
221,Jack Jones,13,0,0,37,40.2,0,2,0,0,0,2022,25,NWE,13,2,1,0,0,,0,0,,0,0,6,0,0,,0,0,0,,0,0,25,5,30,3,0,2,40,1,6,0,1,0,0,1,0,0,0,40,0,37,20,54.1,357,17.9,9.6,0,64.8,12.2,190,167,0,0,0,0,0,3,9.1,0,0,454,40.2,38,8.3,S
222,Cameron Lewis,13,0,0,3,9.9,0,0,0,0,0,2022,25,BUF,13,1,0,0,0,,0,0,,0,0,0,1,0,0,0,0,0,,0,0,15,6,21,0,0,0,0,0,0,0,0,0,0,0,0,0,0,0,0,3,2,66.7,46,23,15.3,0,109.7,20.3,46,0,0,0,0,0,0,1,4.5,0,0,104,9.9,171,41.7,CB
223,Zyon McCollum,13,0,0,22,24.7,0,0,0,0,0,2022,23,TAM,13,3,0,0,0,,0,0,,0,0,0,0,0,,0,0,0,,0,0,18,6,24,0,0,0,0,0,1,0,0,0,0,0,0,0,0,0,0,22,16,72.7,216,13.5,9.8,1,118.7,11.1,150,66,1,0,0,0,0,3,11.1,0,0,277,24.7,228,49.6,CB
224,Tarvarius Moore,13,0,0,2,3.8,0,0,0,0,0,2022,26,SFO,13,0,0,0,0,,0,0,,0,0,0,0,0,,0,0,0,,0,0,7,1,8,0,0,0,0,0,0,0,0,0,0,0,0,0,0,0,0,2,1,50,17,17,8.5,0,79.2,14.5,15,2,0,0,0,0,0,0,0,0,0,41,3.8,222,50.7,DB
225,Matt Overton,13,0,0,0,0,0,0,0,0,0,2022,37,DAL,13,0,0,0,0,,0,0,,0,0,0,0,0,,0,0,0,,0,0,2,3,5,0,0,0,0,0,0,0,0,0,0,0,0,0,0,0,0,0,0,,0,,,0,,,0,0,0,0,0,0,0,0,0,0,0,0,0,118,24.7,LS
226,Marcus Peters,13,1,0,84,67.3,0,1,0,0,0,2022,29,BAL,13,13,0,0,0,,0,0,,0,0,0,0,0,,0,0,0,,0,1,35,12,47,2,1,1,8,0,6,0,2,0,0,2,0,0,0,8,0,84,54,64.3,711,13.2,8.5,7,113.7,9.4,475,236,3,1,0,0,2,6,11.3,0,0,736,67.3,0,0,LCB
227,Bradley Roby,13,0,0,63,55.5,0,0,0,0,0,2022,30,NOR,13,10,0,0,0,,0,0,,0,0,0,0,0,,0,0,0,,0,0,29,7,36,1,0,0,0,0,5,0,2,6,0,0,0,0,0,6,0,63,34,54,409,12,6.5,1,79.4,9,234,175,8,1,0,0,1,8,18.2,0,0,628,55.5,2,0.4,RCB
228,Alontae Taylor,13,0,0,66,58.6,0,0,0,0,0,2022,24,NOR,13,9,0,0,0,,0,0,,0,0,0,0,0,,0,0,0,,0,0,39,7,46,1,0,0,0,0,11,0,0,0,0,0,0,0,0,0,0,66,32,48.5,318,9.9,4.8,0,62.6,13,215,103,0,0,0,0,0,8,14.8,0,0,663,58.6,84,18.8,RCB
229,Antoine Winfield Jr.,13,4,0,47,68.2,0,1,0,0,0,2022,24,TAM,13,13,0,0,0,,0,0,,0,0,0,0,0,,0,0,0,,0,4,64,16,80,7,6,1,15,0,3,0,0,0,0,1,0,0,0,15,0,47,31,66,344,11.1,7.3,4,107,8.7,219,125,18,1,2,0,7,2,2.4,0,0,764,68.2,38,8.3,SS
230,Tre Avery,14,0,0,44,24.8,0,0,0,0,0,2022,25,TEN,14,3,0,0,0,,0,0,,0,0,0,0,0,,0,0,0,,0,0,23,6,29,1,0,0,0,0,9,0,1,0,0,0,0,0,0,0,0,44,21,47.7,268,12.8,6.1,3,90,11.5,214,54,0,0,0,0,0,0,0,0,0,290,24.8,167,37.3,CB
231,Essang Bassey,14,0,0,18,19.3,0,0,0,0,0,2022,24,DEN,14,0,0,0,0,,0,0,,0,0,0,0,0,,0,0,0,,0,0,10,5,15,1,0,0,0,0,2,0,0,0,0,0,0,0,0,0,0,18,12,66.7,112,9.3,6.2,0,83.6,5.6,49,63,7,0,1,0,1,2,11.8,0,0,221,19.3,252,52.5,CB
232,Julian Blackmon,14,1,0,39,63.1,0,1,0,0,0,2022,24,IND,14,11,1,0,0,,0,0,,0,0,6,0,0,,0,0,0,,0,1,36,14,50,2,1,1,17,1,2,0,1,34,0,0,0,0,0,51,0,39,33,84.6,453,13.7,11.6,4,138.6,8.7,250,203,8,1,0,0,2,9,15.3,0,0,718,63.1,147,32.4,FS
233,Joe Cardona,14,0,0,0,0,0,0,0,0,0,2022,30,NWE,14,0,0,0,0,,0,0,,0,0,0,0,0,,0,0,0,,0,0,1,0,1,0,0,0,0,0,0,0,0,0,0,0,0,0,0,0,0,0,0,,0,,,0,,,0,0,0,0,0,0,0,0,0,0,0,0,0,128,28,LS
234,Tariq Carpenter,14,0,0,0,1.5,0,0,0,0,0,2022,24,GNB,14,0,0,0,0,,0,0,,0,0,0,0,0,,0,0,0,,0,0,6,2,8,0,0,0,0,0,0,0,0,0,0,0,0,0,0,0,0,0,0,,0,,,0,,,0,0,0,0,0,0,0,0,0,0,0,16,1.5,122,28.5,S
235,Ashtyn Davis,14,0,0,2,1.1,0,1,0,0,0,2022,26,NYJ,14,0,0,0,0,,0,0,,0,0,0,0,0,,0,0,0,,0,0,3,2,5,0,0,1,14,0,1,0,0,0,0,0,1,2,2,16,0,2,1,50,27,27,13.5,0,56.2,19,20,7,0,0,0,0,0,0,0,0,0,13,1.1,278,60.4,S
236,DeShon Elliott,14,0,0,38,76.1,0,1,0,0,0,2022,25,DET,14,13,0,0,0,,0,0,,0,0,0,0,0,,0,0,0,,0,0,73,23,96,5,3,1,0,0,3,0,1,0,0,1,0,0,0,0,0,38,31,81.6,552,17.8,14.5,2,125.3,15.6,432,120,16,2,1,0,3,5,5,0,0,864,76.1,25,5.5,FS
237,Kyler Gordon,14,0,0,82,79.4,0,3,0,0,0,2022,23,CHI,14,14,0,0,0,,0,0,,0,0,0,0,0,,0,0,0,,0,0,55,16,71,2,0,3,78,0,6,0,1,12,0,1,0,0,0,90,0,82,63,76.8,764,12.1,9.3,3,101.9,7.4,418,346,18,1,0,1,1,2,2.7,0,0,864,79.4,70,16.1,RCB
238,J.T. Gray,14,2.5,0,0,2.5,0,0,0,0,0,2022,26,NOR,14,0,0,0,0,,0,0,,0,0,0,0,0,,0,0,0,,0,2.5,9,8,17,1,2,0,0,0,0,0,0,0,0,0,0,0,0,0,0,0,0,,0,,,0,,,0,0,2,0,0,0,3,0,0,0,0,28,2.5,310,69.4,DB
239,Erik Harris,14,0,0,5,2.9,0,0,0,0,0,2022,32,ATL,14,1,0,0,0,,0,0,,0,0,0,0,0,,0,0,0,,0,0,7,6,13,0,0,0,0,0,0,0,0,0,0,0,0,0,0,0,0,5,5,100,55,11,11,0,112.5,4.8,24,31,1,0,0,0,0,0,0,0,0,33,2.9,299,68.7,S
240,Mike Hilton,14,0,0,69,67.7,0,1,0,0,0,2022,28,CIN,14,4,0,0,0,,0,0,,0,0,0,0,0,,0,0,0,,0,0,48,12,60,4,4,1,5,0,6,0,0,0,0,0,0,0,0,5,0,69,43,62.3,430,10,6.2,1,78.8,6.7,235,195,30,0,4,1,4,6,9.1,2,0.2,701,67.7,1,0.2,CB
241,Derwin James,14,4,0,58,79.8,0,2,0,0,0,2022,26,LAC,14,14,0,0,0,,0,0,,0,0,0,0,0,,0,0,0,,0,4,64,51,115,5,5,2,0,0,6,0,0,0,0,2,0,0,0,0,0,58,38,65.5,398,10.5,6.9,2,82.4,8,231,167,23,2,1,0,7,5,4.2,0,0,836,79.8,7,1.5,FS
242,Lamarcus Joyner,14,0,0,31,76.7,0,3,0,0,0,2022,32,NYJ,14,14,0,0,0,,0,0,,0,0,0,0,0,,0,0,0,,0,0,30,27,57,0,2,3,31,0,6,0,1,1,0,0,0,0,0,32,0,31,21,67.7,418,19.9,13.5,4,110.6,18.5,316,102,6,1,2,0,3,3,5,0,0,873,76.7,10,2.2,SS
243,Jayron Kearse,14,2,0,41,71.1,0,1,0,0,0,2022,28,DAL,14,14,0,0,0,,0,0,,0,0,0,0,0,,0,0,0,,0,2,55,22,77,7,2,1,2,0,5,0,2,6,0,1,0,0,0,8,0,41,28,68.3,319,11.4,7.8,0,81.2,5.4,167,152,28,2,0,1,4,2,2.5,0,0,815,71.1,4,0.8,SS
244,Christian Matthew,14,0,0,21,21.2,0,0,0,0,0,2022,26,ARI,14,3,0,0,0,,0,0,,0,0,0,0,0,,0,0,0,,0,0,12,7,19,0,0,0,0,0,3,0,0,0,0,0,0,0,0,0,0,21,14,66.7,158,11.3,7.5,0,89,8.4,83,75,0,0,0,0,0,4,17.4,0,0,235,21.2,180,39.6,CB
245,Nick McCloud,14,1.5,0,48,47.5,0,0,0,0,0,2022,24,NYG,14,8,0,0,0,,0,0,,0,0,0,0,0,,0,0,0,,0,1.5,35,8,43,2,2,0,0,0,7,0,0,0,0,0,0,0,0,0,0,48,26,54.2,285,11,5.9,3,92.8,10.2,192,93,13,0,0,1,2,3,6.5,0,0,537,47.5,200,42.5,LCB
246,Fabian Moreau,14,0,0,81,66.2,0,0,0,0,0,2022,28,NYG,14,11,0,0,0,,0,0,,0,0,0,0,0,,0,0,0,,0,0,50,16,66,0,0,0,0,0,10,0,0,0,0,0,0,0,0,0,0,81,48,59.3,553,11.5,6.8,5,100.5,12.7,394,159,1,0,0,0,0,3,4.3,0,0,749,66.2,68,14.4,RCB
247,Ryan Neal,14,1,0,52,61.4,0,1,0,0,0,2022,27,SEA,14,10,0,0,0,,0,0,,0,0,0,0,0,,0,0,0,,0,1,45,21,66,4,1,1,13,0,8,0,0,0,0,1,0,0,0,13,0,52,26,50,191,7.3,3.7,2,63.9,7.9,91,100,10,0,0,0,1,6,8.3,0,0,710,61.4,106,22.7,SS
248,Amani Oruwariye,14,0,0,50,42,0,0,0,0,0,2022,26,DET,14,5,0,0,0,,0,0,,0,0,0,0,0,,0,0,0,,0,0,36,8,44,1,0,0,0,0,3,0,1,0,0,0,0,0,0,0,0,50,32,64,448,14,9,2,106.1,10.4,340,108,0,0,0,0,0,3,6.4,0,0,477,42,52,11.5,LCB
249,Will Parks,14,0,0,6,18.5,0,0,0,0,0,2022,28,NYJ,14,3,1,0,0,,0,0,,0,0,6,0,0,,0,0,0,,0,0,10,7,17,0,0,0,0,0,0,0,0,0,0,0,0,0,0,0,0,6,4,66.7,33,8.3,5.5,0,80.6,5.7,13,20,2,0,0,0,0,3,15,0,0,210,18.5,148,32.2,S
250,Jason Pinnock,14,1.5,0,14,40.6,1,0,0,0,0,2022,23,NYG,14,5,0,0,0,,0,0,,0,0,0,0,0,,0,1,0,0,0,1.5,34,7,41,2,4,0,0,0,3,1,1,0,0,1,0,0,0,0,0,14,11,78.6,170,15.5,12.1,1,141.1,14.2,114,56,33,1,2,1,5,0,0,0,0,459,40.6,194,41.2,FS
251,Eric Rowe,14,2,0,48,49.7,0,0,0,0,0,2022,30,MIA,14,6,0,0,0,,0,0,,0,0,0,0,0,,0,0,0,,0,2,42,14,56,4,2,0,0,0,2,0,0,0,0,2,0,0,0,0,0,48,37,77.1,440,11.9,9.2,0,104.5,7.1,260,180,13,1,0,0,3,2,3.4,0,0,569,49.7,21,4.6,SS
252,Kevon Seymour,14,0,0,1,0.5,0,0,0,0,0,2022,29,BAL,14,0,0,0,0,,0,0,,0,0,0,0,0,,0,0,0,,0,0,3,0,3,0,0,0,0,0,0,0,1,0,0,0,0,0,0,0,0,1,0,0,0,,0,0,39.6,12,0,0,0,0,0,0,0,0,0,0,0,6,0.5,282,65.4,DB
253,Harrison Smith,14,0,0,39,78.6,0,5,0,0,0,2022,33,MIN,14,14,0,0,0,,0,0,,0,0,0,0,0,,0,0,0,,0,0,66,19,85,1,0,5,58,0,10,0,0,0,0,1,0,0,0,58,0,39,31,79.5,350,11.3,9,1,73,10.3,241,109,9,1,0,0,1,2,2.3,0,0,913,78.6,0,0,SS
254,AJ Terrell,14,0,0,75,71.2,1,0,0,0,0,2022,24,ATL,14,14,0,0,0,,0,0,,0,0,0,0,0,,0,0,0,,0,0,36,11,47,1,0,0,0,0,9,1,1,21,0,0,0,0,0,21,0,75,42,56,478,11.4,6.4,6,102,11.3,355,123,1,0,0,0,0,7,13,0,0,799,71.2,0,0,LCB/RCB
255,Delarrin Turner-Yell,14,0,0,0,0,0,0,0,0,0,2022,23,DEN,14,0,0,0,0,,0,0,,0,0,0,0,0,,0,0,0,,0,0,6,2,8,0,0,0,0,0,0,0,2,0,0,0,0,0,0,0,0,0,0,,0,,,0,,,0,0,0,0,0,0,0,0,0,0,0,0,0,251,52.3,S
256,Denzel Ward,14,0,0,69,68.7,0,3,0,0,0,2022,25,CLE,14,14,2,0,0,,0,0,,0,0,12,0,0,,0,0,0,,0,0,42,11,53,1,1,3,0,0,15,0,2,4,2,0,0,0,0,4,0,69,42,60.9,530,12.6,7.7,2,76.4,10.3,369,161,2,0,1,0,1,4,7,0,0,748,68.7,52,11.7,LCB
257,Damarion Williams,14,0,0,32,20.7,0,0,0,0,0,2022,24,BAL,14,0,0,0,0,,0,0,,0,0,0,0,0,,0,0,0,,0,0,15,9,24,1,0,0,0,0,2,0,0,0,0,0,0,0,0,0,0,32,20,62.5,243,12.2,7.6,2,106.6,8.1,136,107,5,0,0,0,0,3,11.1,0,0,226,20.7,134,31.1,CB
258,K'Waun Williams,14,1,0,52,52.3,0,1,0,0,0,2022,31,DEN,14,8,0,0,0,,0,0,,0,0,0,0,0,,0,0,0,,0,1,30,14,44,2,2,1,0,0,7,0,0,0,0,0,0,0,0,0,0,52,31,59.6,319,10.3,6.1,0,69.3,5.6,136,183,22,2,1,0,4,6,12,0,0,598,52.3,11,2.3,DB
259,Marco Wilson,14,0,0,87,69.9,0,3,0,0,0,2022,23,ARI,14,13,1,0,0,,0,0,,0,0,6,0,0,,0,0,0,,0,0,44,14,58,2,1,3,77,1,10,0,0,0,0,1,0,0,0,77,0,87,50,57.5,546,10.9,6.3,4,77.1,8.9,344,202,8,1,1,0,2,9,13.4,0,0,777,69.9,76,16.7,RCB
260,Johnathan Abram,15,0,0,54,18,0,0,0,0,0,2022,26,"GNB,LVR,SEA",15,8,0,0,0,,0,0,,0,0,0,0,0,,0,0,0,,0,0,42,18,60,0,2,0,0,0,3,0,0,0,0,0,0,0,0,0,0,54,34,63,375,11,6.9,0,83.5,6,150,225,25,3,2,0,5,3,4.8,0,0,596,18,97,7.2,S
261,Cal Adomitis,15,0,0,0,0,0,0,0,0,0,2022,24,CIN,15,0,0,0,0,,0,0,,0,0,0,0,0,,0,0,0,,0,0,1,1,2,0,0,0,0,0,0,0,0,0,0,0,0,0,0,0,0,0,0,,0,,,0,,,0,0,0,0,0,0,0,0,0,0,0,0,0,128,29.5,LS
262,Marcus Allen,15,0,0,0,0,0,0,0,0,0,2022,26,PIT,15,0,0,0,0,,0,0,,0,0,0,0,0,,0,0,0,,0,0,8,4,12,0,0,0,0,0,0,0,0,0,0,0,1,4,4,4,0,0,0,,0,,,0,,,0,0,0,0,0,0,0,0,0,0,0,0,0,230,52.5,DB
263,Eli Apple,15,0,0,79,87.6,0,0,0,0,0,2022,27,CIN,15,15,0,0,0,,0,0,,0,0,0,0,0,,0,0,0,,0,0,35,14,49,1,0,0,0,0,8,0,0,0,0,0,0,0,0,0,0,79,45,57,657,14.6,8.3,3,96.9,13.1,464,193,4,0,0,0,0,7,12.5,0,0,908,87.6,10,2.3,LCB
264,Budda Baker,15,0,0,40,87.1,0,2,0,0,0,2022,26,ARI,15,15,0,0,0,,0,0,,0,0,0,0,0,,0,0,0,,0,0,75,36,111,1,2,2,54,0,7,0,0,0,0,1,0,0,0,54,0,40,30,75,282,9.4,7.1,3,98.1,5,108,174,55,5,1,0,6,14,11.2,0,0,968,87.1,58,12.7,FS
265,Dane Belton,15,0,0,31,34.5,0,2,0,0,0,2022,22,NYG,15,5,0,0,0,,0,0,,0,0,0,0,0,,0,0,0,,0,0,24,7,31,1,1,2,0,0,3,0,2,3,0,0,0,0,0,3,0,31,20,64.5,272,13.6,8.8,0,65.5,9.7,122,150,16,1,1,0,2,3,8.8,0,0,390,34.5,143,30.4,S
266,Aaron Brewer,15,0,0,0,0,0,0,0,0,0,2022,32,ARI,15,0,0,0,0,,0,0,,0,0,0,0,0,,0,0,0,,0,0,2,0,2,0,0,0,0,0,0,0,0,0,0,0,0,0,0,0,0,0,0,,0,,,0,,,0,0,1,0,0,0,0,0,0,0,0,0,0,116,25.5,LS
267,Jaquan Brisker,15,4,0,48,87.8,0,1,0,0,0,2022,23,CHI,15,15,0,0,0,,0,0,,0,0,0,0,0,,0,0,0,,0,4,73,31,104,5,4,1,6,0,2,0,1,0,0,1,0,0,0,6,0,48,27,56.3,352,13,7.3,4,98.6,9.5,209,143,15,1,0,0,5,7,6.3,0,0,955,87.8,47,10.8,FS
268,Percy Butler,15,0,0,6,12.9,0,0,0,0,0,2022,22,WAS,15,0,0,0,0,,0,0,,0,0,0,0,0,,0,0,0,,0,0,9,2,11,0,0,0,0,0,1,0,1,0,0,0,0,0,0,0,0,6,3,50,19,6.3,3.2,1,96.5,21,19,0,1,0,0,0,0,0,0,0,0,135,12.9,273,59.2,S
269,Bryce Callahan,15,0,0,54,56,0,3,0,0,0,2022,31,LAC,15,11,1,0,0,,0,0,,0,0,6,0,0,,0,0,0,,0,0,34,13,47,2,2,3,37,1,6,0,0,0,0,0,0,0,0,37,0,54,35,64.8,370,10.6,6.9,3,80,7.6,193,177,16,4,2,1,6,7,13,0,0,586,56,1,0.2,DB
270,Andre Cisco,15,1,0,29,85.3,0,3,0,0,0,2022,22,JAX,15,15,1,0,0,,0,0,,0,0,6,0,0,,0,0,0,,0,1,49,24,73,1,1,3,68,1,10,0,0,0,0,0,0,0,0,68,0,29,22,75.9,365,16.6,12.6,4,117.4,8.7,200,165,14,0,0,1,1,3,3.9,0,0,992,85.3,124,29.4,FS
271,Jamel Dean,15,0,0,65,78.9,0,2,0,0,0,2022,26,TAM,15,15,0,0,0,,0,0,,0,0,0,0,0,,0,0,0,,0,0,45,12,57,1,0,2,24,0,8,0,0,0,0,0,0,0,0,24,0,65,36,55.4,469,13,7.2,4,86,14,318,151,3,0,0,0,0,2,3.4,0,0,885,78.9,129,28,RCB
272,Kyle Dugger,15,1,0,55,66.5,0,3,37,0,0,2022,26,NWE,15,15,3,0,0,,0,0,,0,0,18,1,37,37,0,0,0,,0,1,50,28,78,5,2,3,55,2,8,0,1,59,1,1,0,0,0,151,37,55,38,69.1,369,9.7,6.7,5,95.2,8.4,236,133,26,1,1,0,3,7,8.2,0,0,752,66.5,130,28.4,SS
273,Terrell Edmunds,15,2,0,33,83.3,0,0,0,0,0,2022,25,PIT,15,15,0,0,0,,0,0,,0,0,0,0,0,,0,0,0,,0,2,41,29,70,3,2,0,0,0,5,0,0,0,0,0,0,0,0,0,0,33,20,60.6,264,13.2,8,3,116.2,9.9,167,97,10,1,0,0,3,6,7.9,0,0,886,83.3,107,24.4,SS
274,Justin Evans,15,0,0,30,34.6,0,0,0,0,0,2022,27,NOR,15,4,0,0,0,,0,0,,0,0,0,0,0,,0,0,0,,0,0,17,12,29,2,0,0,0,0,2,0,0,0,0,1,0,0,0,0,0,30,18,60,232,12.9,7.7,1,95.4,6.8,118,114,4,1,0,0,1,4,12.1,0,0,392,34.6,113,25.3,S
275,Minkah Fitzpatrick,15,0,0,54,88.3,0,6,0,0,0,2022,26,PIT,15,15,1,0,0,,0,0,,0,0,6,0,0,,0,0,0,,0,0,56,40,96,1,1,6,94,1,11,0,0,0,0,0,0,0,0,94,0,54,33,61.1,516,15.6,9.6,5,84.1,10.5,314,202,11,1,1,0,2,5,5,2,0.2,939,88.3,65,14.8,FS
276,Tre Flowers,15,0,0,18,16.5,0,1,0,0,0,2022,27,CIN,15,0,0,0,0,,0,0,,0,0,0,0,0,,0,0,0,,0,0,20,7,27,0,0,1,0,0,3,0,1,0,0,0,0,0,0,0,0,18,12,66.7,112,9.3,6.2,1,78.9,6.2,47,65,1,0,0,0,0,1,3.6,0,0,171,16.5,254,58.5,CB
277,Damar Hamlin,15,1.5,0,35,80.5,0,0,0,0,0,2022,24,BUF,15,13,0,0,0,,0,0,,0,0,0,0,0,,0,0,0,,0,1.5,63,28,91,6,3,0,0,0,2,0,0,0,0,1,0,0,0,0,0,35,25,71.4,454,18.2,13,3,142.3,11,237,217,16,0,1,0,3,7,7.1,0,0,846,80.5,76,18.5,FS
278,Myles Hartsfield,15,0,0,49,70.3,0,0,0,0,0,2022,25,CAR,15,10,0,0,0,,0,0,,0,0,0,0,0,,0,0,0,,0,0,44,15,59,2,1,0,0,0,2,0,0,0,0,1,0,0,0,0,0,49,35,71.4,376,10.7,7.7,4,120.8,6.3,224,152,12,4,1,0,5,4,6.3,0,0,813,70.3,160,34,SS
279,Tre Herndon,15,0,0,43,35.8,0,0,0,0,0,2022,26,JAX,15,1,0,0,0,,0,0,,0,0,0,0,0,,0,0,0,,0,0,27,9,36,2,1,0,0,0,5,0,1,14,0,1,0,0,0,14,0,43,31,72.1,411,13.3,9.6,2,117.5,10.3,305,106,2,0,1,0,1,2,5.3,0,0,416,35.8,58,13.7,CB
280,Elijah Hicks,15,0,0,7,15.4,0,0,0,0,0,2022,23,CHI,15,2,0,0,0,,0,0,,0,0,0,0,0,,0,0,0,,0,0,15,13,28,0,0,0,0,0,0,0,1,0,0,1,0,0,0,0,0,7,6,85.7,176,29.3,25.1,2,158.3,21.6,117,59,1,0,0,0,0,1,3.4,0,0,168,15.4,213,48.9,DB
281,Daxton Hill,15,0,0,8,12.6,0,0,0,0,0,2022,22,CIN,15,2,0,0,0,,0,0,,0,0,0,0,0,,0,0,0,,0,0,11,5,16,0,1,0,0,0,0,0,0,0,0,0,0,0,0,0,0,8,7,87.5,56,8,7,2,135.4,8.8,46,10,6,1,0,0,1,1,5.9,0,0,131,12.6,167,38.5,S
282,Darnay Holmes,15,0,0,67,50.6,0,0,0,0,0,2022,24,NYG,15,2,0,0,0,,0,0,,0,0,0,0,0,,0,1,0,0,0,0,28,10,38,2,1,0,0,0,8,0,0,0,0,1,0,0,0,0,0,67,41,61.2,435,10.6,6.5,1,85.1,9,217,218,22,3,1,0,4,3,7.3,0,0,572,50.6,8,1.7,CB
283,Xavien Howard,15,0,0,84,85.6,0,1,0,0,0,2022,29,MIA,15,15,1,0,0,,0,0,,0,0,6,0,0,,0,0,0,,0,0,35,10,45,1,0,1,0,0,12,0,2,16,1,0,0,0,0,16,0,84,50,59.5,779,15.6,9.3,4,101.2,11.2,420,359,3,0,0,0,0,7,13.5,0,0,979,85.6,0,0,LCB
284,Dane Jackson,15,0,0,78,78.9,0,2,0,0,0,2022,26,BUF,15,14,0,0,0,,0,0,,0,0,0,0,0,,0,0,0,,0,0,49,8,57,1,0,2,13,0,12,0,0,0,0,1,0,0,0,13,0,78,46,59,538,11.7,6.9,3,82.1,10.1,412,126,4,0,0,0,0,7,10.9,0,0,829,78.9,8,2,RCB
285,Marcus Jones,15,0,0,41,32.7,1,2,1007,0,1,2022,24,NWE,15,4,3,0,0,,0,0,,0,0,18,27,645,23.9,0,29,362,12.5,1,0,34,5,39,2,0,2,87,1,7,1,1,0,0,0,4,0,78,1172,1007,41,24,58.5,361,15,8.8,1,75.4,14.8,271,90,0,1,0,0,1,2,4.9,18,1.7,370,32.7,164,35.9,DB
286,Derion Kendrick,15,0,0,59,44.4,0,0,0,0,0,2022,22,LAR,15,6,0,0,0,,0,0,,0,0,0,0,0,,0,0,0,,0,0,36,7,43,0,0,0,0,0,4,0,0,0,0,0,0,0,0,0,0,59,40,67.8,517,12.9,8.8,2,106.4,10.3,333,184,0,0,0,0,0,1,2.3,0,0,483,44.4,39,8.8,LCB
287,Kader Kohou,15,0,0,115,78.5,0,1,0,0,0,2022,24,MIA,15,13,0,0,0,,0,0,,0,0,0,0,0,,0,0,0,,0,0,63,9,72,5,0,1,0,0,10,0,0,0,0,1,0,0,0,0,0,115,68,59.1,698,10.3,6.1,3,81.7,8.5,437,261,6,0,0,0,0,8,10,0,0,898,78.5,1,0.2,RCB
288,Tre'von Moehrig,15,0,0,46,80.6,0,0,0,0,0,2022,23,LVR,15,13,0,0,0,,0,0,,0,0,0,0,0,,0,0,0,,0,0,37,18,55,2,0,0,0,0,5,0,0,0,0,0,0,0,0,0,0,46,32,69.6,449,14,9.8,4,129.7,9.5,250,199,7,1,0,0,1,5,8.3,0,0,908,80.6,13,2.9,FS
289,Israel Mukuamu,15,0,0,10,13.3,0,1,0,0,0,2022,23,DAL,15,3,0,0,0,,0,0,,0,0,0,0,0,,0,0,0,,0,0,12,5,17,0,1,1,0,0,1,0,0,0,0,0,0,0,0,0,0,10,7,70,49,7,4.9,1,74.6,8,16,33,3,0,1,0,1,2,10.5,0,0,153,13.3,279,58.5,S
290,Steven Nelson,15,1,0,62,81.7,0,1,0,0,0,2022,29,HOU,15,15,0,0,0,,0,0,,0,0,0,0,0,,0,0,0,,0,1,39,13,52,1,1,1,33,0,7,0,0,0,0,1,0,0,0,33,0,62,37,59.7,367,9.9,5.9,2,80.5,10.3,253,114,1,0,1,0,2,8,13.3,0,0,958,81.7,1,0.2,RCB
291,Greg Newsome II,15,0.5,0,69,83.3,0,0,0,0,0,2022,22,CLE,15,15,0,0,0,,0,0,,0,0,0,0,0,,0,0,0,,0,0.5,31,11,42,0,1,0,0,0,6,0,0,0,0,0,0,0,0,0,0,69,40,58,406,10.2,5.9,2,84.6,8.1,213,193,9,0,0,0,1,5,10.6,0,0,907,83.3,63,14.2,RCB
292,Tre Norwood,15,0,0,20,22.8,0,0,0,0,0,2022,23,PIT,15,3,0,0,0,,0,0,,0,0,0,0,0,,0,0,0,,0,0,17,6,23,2,0,0,0,0,0,0,0,0,0,0,0,0,0,0,0,20,10,50,118,11.8,5.9,0,68.3,11,78,40,3,0,0,0,0,5,17.9,0,0,243,22.8,156,35.6,DB
293,Jeff Okudah,15,0,0,77,69.8,0,1,0,0,0,2022,23,DET,15,15,1,0,0,,0,0,,0,0,6,0,0,,0,0,0,,0,0,59,14,73,2,0,1,20,1,7,0,0,0,0,1,0,0,0,20,0,77,46,59.7,681,14.8,8.8,1,87.6,10.9,411,270,2,0,0,0,0,6,7.6,0,0,793,69.8,5,1.1,RCB
294,Isaiah Rodgers,15,0,0,29,37.8,1,0,465,0,0,2022,24,IND,15,9,0,0,0,,0,0,,0,0,0,18,452,25.1,0,2,13,6.5,0,0,24,10,34,1,0,0,0,0,3,1,4,19,0,1,0,0,0,484,465,29,17,58.6,192,11.3,6.6,3,113,11,87,105,0,0,0,0,0,1,2.9,0,0,430,37.8,172,37.9,DB
295,Brandon Stephens,15,0.5,0,59,41.4,0,0,0,0,0,2022,25,BAL,15,4,0,0,0,,0,0,,0,0,0,0,0,,0,0,0,,0,0.5,31,6,37,0,1,0,0,0,7,0,0,0,0,0,0,0,0,0,0,59,37,62.7,410,11.1,6.9,1,88.9,10.6,336,74,1,0,0,0,1,4,9.8,0,0,453,41.4,206,47.8,DB
296,Ambry Thomas,15,0,0,6,3.8,0,0,0,0,0,2022,23,SFO,15,0,0,0,0,,0,0,,0,0,0,0,0,,0,0,0,,0,0,9,4,13,0,0,0,0,0,0,0,0,0,0,0,0,0,0,0,0,6,5,83.3,51,10.2,8.5,0,102.1,12.5,45,6,0,0,0,0,0,0,0,0,0,41,3.8,138,31.5,CB
297,Daniel Thomas,15,0,0,0,2.8,0,0,0,0,0,2022,24,JAX,15,0,0,0,0,,0,0,,0,0,0,0,0,,0,0,0,,0,0,5,3,8,0,0,0,0,0,0,0,0,0,0,0,0,0,0,0,0,0,0,,0,,,0,,,0,0,0,0,0,0,0,0,0,0,0,32,2.8,237,56.2,S
298,Zeke Turner,15,0,0,10,9.6,0,0,0,0,0,2022,26,ARI,15,1,0,0,0,,0,0,,0,0,0,0,0,,0,0,0,,0,0,12,10,22,3,0,0,0,0,0,0,0,0,0,1,0,0,0,0,0,10,8,80,59,7.4,5.9,2,130.8,2,20,39,7,1,0,0,1,0,0,0,0,107,9.6,328,72.1,DB
299,Levi Wallace,15,0,0,77,66.6,0,4,0,0,0,2022,27,PIT,15,9,0,0,0,,0,0,,0,0,0,0,0,,0,0,0,,0,0,33,15,48,0,0,4,6,0,13,0,0,0,0,0,0,0,0,6,0,77,41,53.2,650,15.9,8.4,3,73,13,424,226,0,0,0,0,0,4,7.7,0,0,709,66.6,65,14.8,LCB
300,Rachad Wildgoose,15,0,0,19,18.7,0,0,0,0,0,2022,22,WAS,15,3,0,0,0,,0,0,,0,0,0,0,0,,0,0,0,,0,0,12,4,16,0,0,0,0,0,3,0,0,0,0,0,0,0,0,0,0,19,11,57.9,97,8.8,5.1,0,71.6,5.1,30,67,2,0,0,0,0,2,11.1,0,0,195,18.7,90,19.5,CB
301,Xavier Woods,15,0,0,55,86.5,0,0,0,0,0,2022,27,CAR,15,15,0,0,0,,0,0,,0,0,0,0,0,,0,0,0,,0,0,53,33,86,0,1,0,0,0,6,0,2,30,0,0,0,0,0,30,0,55,33,60,452,13.7,8.2,1,92.4,11.3,246,206,20,1,1,0,2,6,6.5,0,0,1000,86.5,30,6.4,FS
302,Russ Yeast,15,0,0,7,10.4,0,0,29,0,0,2022,23,LAR,15,1,0,0,0,,0,0,,0,0,0,1,29,29,0,0,0,,0,0,16,4,20,1,0,0,0,0,0,0,0,0,0,0,0,0,0,29,29,7,6,85.7,76,12.7,10.9,0,111.9,8.9,42,34,0,0,0,0,0,1,4.8,0,0,113,10.4,207,46.5,S
303,Nasir Adderley,16,0,0,38,84.2,0,2,0,0,0,2022,25,LAC,16,15,0,0,0,,0,0,,0,0,0,0,0,,0,0,0,,0,0,39,23,62,1,0,2,30,0,4,0,0,0,0,1,0,0,0,30,0,38,23,60.5,403,17.5,10.6,1,83.6,15.2,270,133,1,0,0,0,0,6,8.8,0,0,882,84.2,112,24.2,SS
304,Jaire Alexander,16,0,0,82,87.2,0,5,0,0,0,2022,25,GNB,16,16,0,0,0,,0,0,,0,0,0,0,0,,0,0,0,,0,0,43,13,56,4,0,5,59,0,14,0,0,0,0,0,0,0,0,59,0,82,49,59.8,572,11.7,7,2,63.7,9,366,206,0,0,0,0,0,4,6.7,0,0,901,87.2,61,14.3,LCB
305,DeAundre Alford,16,0.5,1,31,21.9,0,1,0,0,0,2022,25,ATL,16,0,0,0,0,,0,0,,0,1,2,0,0,,0,0,0,,0,0.5,18,7,25,1,1,1,0,0,7,0,0,0,0,0,0,0,0,0,0,31,17,54.8,198,11.6,6.4,1,71.7,11.6,148,50,6,1,0,0,2,2,7.4,0,0,246,21.9,18,4.1,CB
306,Jessie Bates III,16,0,0,37,98.2,0,4,0,0,0,2022,25,CIN,16,16,0,0,0,,0,0,,0,0,0,0,0,,0,0,0,,0,0,38,33,71,1,0,4,28,0,8,0,0,0,0,1,0,0,0,28,0,37,19,51.4,309,16.3,8.4,4,76.1,14.1,215,94,9,0,0,0,0,7,9,0,0,1017,98.2,68,15.7,FS
307,D'Anthony Bell,16,0,0,2,6.6,0,0,0,0,0,2022,26,CLE,16,2,0,0,0,,0,0,,0,0,0,0,0,,0,0,0,,0,0,12,2,14,0,0,0,0,0,0,0,0,0,0,0,0,0,0,0,0,2,2,100,27,13.5,13.5,0,118.7,11,22,5,1,0,0,0,0,1,6.7,0,0,72,6.6,248,55.9,S
308,Vonn Bell,16,1,0,53,98.8,0,4,0,0,0,2022,28,CIN,16,16,0,0,0,,0,0,,0,0,0,0,0,,0,0,0,,0,1,52,25,77,4,4,4,56,0,8,0,1,0,0,2,0,0,0,56,0,53,36,67.9,468,13,8.8,0,64,9.1,271,197,25,1,2,0,5,6,7.2,0,0,1024,98.8,52,12,SS
309,Josh Blackwell,16,0,0,13,12.2,0,0,0,0,0,2022,23,CHI,16,1,0,0,0,,0,0,,0,0,0,0,0,,0,0,0,,0,0,16,7,23,0,0,0,0,0,0,0,1,0,0,1,0,0,0,0,0,13,7,53.8,87,12.4,6.7,1,100.5,7.8,42,45,1,0,0,0,0,0,0,0,0,133,12.2,245,56.2,DB
310,Tony Brown,16,1,0,0,0.8,0,0,0,0,0,2022,27,IND,16,0,0,0,0,,0,0,,0,0,0,0,0,,0,0,0,,0,1,2,5,7,1,1,0,0,0,0,0,0,0,0,0,0,0,0,0,0,0,0,,0,,,0,,,0,0,1,0,0,0,1,0,0,0,0,9,0.8,303,66.7,DB
311,Deon Bush,16,0,0,2,6.2,0,0,0,0,0,2022,29,KAN,16,0,0,0,0,,0,0,,0,0,0,0,0,,0,0,0,,0,0,6,5,11,0,0,0,0,0,1,0,0,0,0,0,0,0,0,0,0,2,0,0,0,,0,0,39.6,20.5,0,0,2,0,0,0,0,0,0,0,0,71,6.2,317,68.9,DB
312,Elijah Campbell,16,0,0,7,7,0,0,0,0,0,2022,27,MIA,16,1,0,0,0,,0,0,,0,0,0,0,0,,0,0,0,,0,0,7,5,12,0,1,0,0,0,1,0,0,0,0,0,0,0,0,0,0,7,3,42.9,18,6,2.6,0,50.3,8.1,14,4,8,0,1,0,1,0,0,0,0,80,7,290,64,DB
313,Bryan Cook,16,1,0,20,29.8,0,0,0,0,0,2022,23,KAN,16,1,0,0,0,,0,0,,0,0,0,0,0,,0,0,0,,0,1,22,11,33,1,2,0,0,0,2,0,0,0,0,0,0,0,0,0,0,20,14,70,186,13.3,9.3,3,138.7,11,150,36,7,0,2,0,3,3,8.3,0,0,342,29.8,272,59.1,S
314,Keion Crossen,16,0,0,34,33.5,0,0,0,0,0,2022,26,MIA,16,2,0,0,0,,0,0,,0,0,0,0,0,,0,0,0,,0,0,20,12,32,0,0,0,0,0,4,0,0,0,0,0,0,0,0,0,0,34,19,55.9,256,13.5,7.5,2,99.6,13.5,192,64,1,0,0,0,0,4,11.1,0,0,383,33.5,213,47,DB
315,Nick Cross,16,0,0,2,10.7,1,0,0,0,0,2022,21,IND,16,2,0,0,0,,0,0,,0,0,0,0,0,,0,1,0,0,0,0,11,6,17,0,0,0,0,0,0,1,1,0,0,0,0,0,0,0,0,2,2,100,15,7.5,7.5,0,97.9,4.5,9,6,2,1,0,0,1,1,5.6,0,0,122,10.7,215,47.4,S
316,Brandon Facyson,16,0,0,42,40,0,0,0,0,0,2022,28,IND,16,4,0,0,0,,0,0,,0,0,0,0,0,,0,0,0,,0,0,26,2,28,0,0,0,0,0,6,0,0,0,0,0,0,0,0,0,0,42,29,69,326,11.2,7.8,1,99.9,10.5,237,89,0,0,0,0,0,5,15.2,0,0,455,40,37,8.1,CB
317,Reid Ferguson,16,0,0,0,0,0,0,0,0,0,2022,28,BUF,16,0,0,0,0,,0,0,,0,0,0,0,0,,0,0,0,,0,0,1,0,1,0,0,0,0,0,0,0,0,0,0,0,0,0,0,0,0,0,0,,0,,,0,,,0,0,0,0,0,0,0,0,0,0,0,0,0,127,31,LS
318,Stephon Gilmore,16,0,0,89,93.4,0,2,0,0,0,2022,32,IND,16,16,0,0,0,,0,0,,0,0,0,0,0,,0,0,0,,0,0,53,13,66,0,0,2,31,0,11,0,0,0,0,0,0,0,0,31,0,89,50,56.2,577,11.5,6.5,2,74,8.8,332,245,0,0,0,0,0,5,7,0,0,1063,93.4,1,0.2,RCB
319,Kyle Hamilton,16,2,0,49,50.1,0,0,0,0,0,2022,21,BAL,16,4,0,0,0,,0,0,,0,0,0,0,0,,0,0,0,,0,2,46,16,62,4,5,0,0,0,5,0,0,0,0,1,0,0,0,0,0,49,36,73.5,279,7.8,5.7,1,93.8,3.3,147,132,24,1,3,0,6,5,7.5,0,0,548,50.1,282,65.4,S
320,Ronnie Harrison,16,0.5,0,17,23.8,0,0,0,0,0,2022,25,CLE,16,5,0,0,0,,0,0,,0,0,0,0,0,,0,0,0,,0,0.5,16,8,24,0,1,0,0,0,1,0,0,0,0,0,0,0,0,0,0,17,11,64.7,85,7.7,5,0,76.8,4.6,36,49,7,0,0,0,1,1,4,0,0,259,23.8,153,34.5,DB
321,Jaylinn Hawkins,16,0,0,38,85.1,0,2,0,0,0,2022,25,ATL,16,16,1,0,0,,0,0,,0,0,6,0,0,,0,0,0,,0,0,45,39,84,0,1,2,14,0,6,0,1,0,1,1,0,0,0,14,0,38,25,65.8,331,13.2,8.7,4,106.4,9.3,216,115,8,1,1,0,2,7,7.7,0,0,955,85.1,49,11.3,FS
322,Malik Hooker,16,0,0,27,75.1,0,3,0,0,0,2022,26,DAL,16,6,1,0,0,,0,0,,0,0,6,0,0,,0,0,0,,0,0,44,18,62,2,0,3,29,0,3,0,1,38,1,0,0,0,0,67,0,27,20,74.1,220,11,8.1,2,82.9,8,145,75,2,0,0,0,0,7,10.1,0,0,861,75.1,35,7.3,SS
323,Mike Hughes,16,0,0,56,49.6,0,0,0,0,0,2022,25,DET,16,6,0,0,0,,0,0,,0,0,0,0,0,,0,0,0,,0,0,35,16,51,3,2,0,0,0,1,0,0,0,0,0,0,0,0,0,0,56,41,73.2,528,12.9,9.4,4,126.2,10.1,331,197,14,2,2,0,4,4,7.3,0,0,563,49.6,100,22.2,DB
324,Jaquan Johnson,16,0,0,12,21.5,0,1,0,0,0,2022,27,BUF,16,3,0,0,0,,0,0,,0,0,0,0,0,,0,0,0,,0,0,16,16,32,0,0,1,0,0,1,0,0,0,0,0,0,0,0,0,0,12,9,75,112,12.4,9.3,1,96.5,12.6,81,31,3,0,0,0,0,2,5.9,0,0,226,21.5,246,60,S
325,Jaylon Jones,16,0,0,44,42.6,0,0,0,0,0,2022,25,CHI,16,4,0,0,0,,0,0,,0,0,0,0,0,,0,0,0,,0,0,33,14,47,0,0,0,0,0,2,0,0,0,0,1,0,0,0,0,0,44,29,65.9,346,11.9,7.9,1,97.3,9.1,191,155,2,0,0,0,0,5,9.6,0,0,464,42.6,153,35.1,DB
326,Jonathan Jones,16,0,0,91,79.1,0,4,0,0,0,2022,29,NWE,16,16,1,0,0,,0,0,,0,0,6,0,0,,0,0,0,,0,0,56,13,69,0,0,4,89,1,11,0,0,0,0,3,0,0,0,89,0,91,48,52.7,588,12.3,6.5,5,73,12.2,368,220,1,0,0,0,0,7,9.2,0,0,894,79.1,116,25.4,LCB
327,Kelvin Joseph,16,0,0,18,14.5,0,0,0,0,0,2022,23,DAL,16,1,0,0,0,,0,0,,0,0,0,0,0,,0,0,0,,0,0,17,3,20,0,0,0,0,0,2,0,0,0,0,1,0,0,0,0,0,18,12,66.7,219,18.3,12.2,4,147.9,14,184,35,0,0,0,0,0,0,0,0,0,166,14.5,317,66.5,CB
328,Joshua Kalu,16,0,0,35,42.3,0,1,0,0,0,2022,27,TEN,16,5,0,0,0,,0,0,,0,0,0,0,0,,0,0,0,,0,0,24,18,42,1,0,1,0,0,5,0,0,0,0,1,0,0,0,0,0,35,24,68.6,268,11.2,7.7,2,98.3,9.6,173,95,11,0,0,0,0,2,4.5,0,0,494,42.3,218,48.7,DB
329,Chris Lammons,16,0,0,5,1.7,0,0,0,0,0,2022,26,KAN,16,0,0,0,0,,0,0,,0,0,0,0,0,,0,1,0,0,0,0,3,4,7,0,0,0,0,0,0,0,0,0,0,1,0,0,0,0,0,5,3,60,40,13.3,8,0,85.4,7.4,19,21,0,0,0,0,0,0,0,0,0,19,1.7,322,70,CB
330,P.J. Locke,16,0,0,11,9.7,0,0,0,0,0,2022,25,DEN,16,0,0,0,0,,0,0,,0,0,0,0,0,,0,0,0,,0,0,11,11,22,1,0,0,0,0,1,0,0,0,0,2,0,0,0,0,0,11,7,63.6,44,6.3,4,0,71.8,4.2,6,38,2,0,0,0,0,1,4.3,0,0,111,9.7,341,71,S
331,Julian Love,16,1,0,50,88.9,0,2,0,0,0,2022,24,NYG,16,16,0,0,0,,0,0,,0,0,0,0,0,,0,0,0,,0,1,79,45,124,6,1,2,44,0,5,0,1,8,0,1,0,0,0,52,0,50,34,68,333,9.8,6.7,3,89.8,9.5,180,153,16,1,0,0,2,5,3.9,3,0.3,1006,88.9,220,46.7,SS
332,Damarri Mathis,16,0,0,81,69.5,0,0,0,0,0,2022,23,DEN,16,11,0,0,0,,0,0,,0,0,0,0,0,,0,0,0,,0,0,54,11,65,1,0,0,0,0,7,0,0,0,0,0,0,0,0,0,0,81,56,69.1,513,9.2,6.3,1,90.2,8.2,335,178,3,0,0,0,0,15,18.8,0,0,795,69.5,66,13.8,RCB
333,Siran Neal,16,0,0,12,6,0,0,0,0,0,2022,28,BUF,16,0,0,0,0,,0,0,,0,0,0,0,0,,0,0,0,,0,0,13,6,19,0,1,0,0,0,4,0,0,0,0,0,0,0,0,0,0,12,5,41.7,25,5,2.1,0,49.3,5.9,14,11,1,0,1,0,1,2,9.5,0,0,63,6,316,77.1,CB
334,Taylor Rapp,16,0,0,53,89.7,0,2,0,0,0,2022,25,LAR,16,16,0,0,0,,0,0,,0,0,0,0,0,,0,0,0,,0,0,58,34,92,2,1,2,18,0,6,0,1,0,0,0,0,0,0,18,0,53,38,71.7,344,9.1,6.5,4,98.3,6.5,174,170,9,0,1,1,1,6,6.1,0,0,977,89.7,44,9.9,SS
335,Darnell Savage Jr.,16,0,0,44,79.3,0,1,0,0,0,2022,25,GNB,16,13,1,0,0,,0,0,,0,0,6,0,0,,0,0,0,,0,0,43,15,58,2,0,1,75,1,5,0,1,2,0,0,0,0,0,77,0,44,30,68.2,444,14.8,10.1,3,114.2,10.1,304,140,8,0,0,0,0,6,9.4,0,0,819,79.3,97,22.7,FS
336,Brenden Schooler,16,0,0,0,0,0,0,0,0,0,2022,25,NWE,16,0,0,0,0,,0,0,,0,0,0,0,0,,0,0,0,,0,0,11,3,14,0,0,0,0,0,0,0,2,0,0,0,0,0,0,0,0,0,0,,0,,,0,,,0,0,0,0,0,0,0,0,0,0,0,0,0,330,72.2,DB
337,Josiah Scott,16,0,0,32,35.1,0,2,0,0,0,2022,23,PHI,16,4,0,0,0,,0,0,,0,0,0,0,0,,0,0,0,,0,0,19,7,26,2,0,2,13,0,8,0,0,0,0,0,0,0,0,13,0,32,22,68.8,299,13.6,9.3,3,103.5,7.5,171,128,5,2,0,0,2,0,0,0,0,388,35.1,156,34.4,CB
338,Nick Scott,16,0,0,58,90.4,0,2,0,0,0,2022,27,LAR,16,16,0,0,0,,0,0,,0,0,0,0,0,,0,0,0,,0,0,56,30,86,1,0,2,0,0,5,0,0,0,0,2,0,0,0,0,0,58,46,79.3,601,13.1,10.4,4,118.5,7.9,322,279,1,0,0,0,0,10,10.4,1,0.1,984,90.4,109,24.5,FS
339,Cameron Sutton,16,0,0,73,87.5,0,3,0,0,0,2022,27,PIT,16,15,0,0,0,,0,0,,0,0,0,0,0,,0,0,0,,0,0,35,8,43,1,0,3,26,0,15,0,0,0,0,0,0,0,0,26,0,73,35,47.9,388,11.1,5.3,4,65.3,11.2,270,118,3,2,0,0,2,5,10.4,1,0.1,931,87.5,61,13.9,RCB
340,Michael Thomas,16,0,0,0,2.4,0,0,0,0,0,2022,32,CIN,16,0,0,0,0,,0,0,,0,0,0,0,0,,0,0,0,,0,0,5,7,12,0,0,0,0,0,0,0,0,0,0,0,0,0,0,0,0,0,0,,0,,,0,,,0,0,2,0,0,0,0,0,0,0,0,25,2.4,289,66.6,S
341,Juan Thornhill,16,1,0,47,90.9,0,3,0,0,0,2022,27,KAN,16,16,0,0,0,,0,0,,0,0,0,0,0,,0,0,0,,0,1,43,28,71,4,2,3,0,0,9,0,0,0,0,0,0,0,0,0,0,47,32,68.1,428,13.4,9.1,5,105.6,12.4,321,107,4,0,1,0,2,9,11.3,0,0,1044,90.9,5,1.1,SS
342,Jaylen Watson,16,0,0,71,52.7,0,1,0,0,0,2022,24,KAN,16,6,1,0,0,,0,0,,0,0,6,0,0,,0,0,0,,0,0,37,12,49,3,0,1,99,1,6,0,0,0,0,0,0,0,0,99,0,71,46,64.8,515,11.2,7.3,5,103.9,10,368,147,4,0,0,0,0,5,9.3,0,0,605,52.7,114,24.8,DB
343,Samuel Womack,16,0,0,15,13.6,0,1,0,0,0,2022,23,SFO,16,1,0,0,0,,0,0,,0,0,0,0,0,,0,0,0,,0,0,13,6,19,1,0,1,0,0,2,0,1,0,0,1,0,0,0,0,0,15,11,73.3,114,10.4,7.6,1,89.3,9.3,106,8,2,0,0,0,0,0,0,0,0,146,13.6,233,53.2,CB
344,Adrian Amos,17,1,0,50,94.6,0,1,0,0,0,2022,29,GNB,17,17,0,0,0,,0,0,,0,0,0,0,0,,0,0,0,,0,1,73,29,102,7,2,1,26,0,5,0,1,-1,0,0,0,0,0,25,0,50,35,70,428,12.2,8.6,3,107.7,8.8,310,118,10,1,2,0,4,4,3.8,0,0,977,94.6,111,25.9,SS
345,Justin Bethel,17,0,0,19,10.8,0,1,0,0,0,2022,32,MIA,17,0,0,0,0,,0,0,,0,0,0,0,0,,0,0,0,,0,0,17,9,26,0,0,1,11,0,4,0,0,0,0,0,0,0,0,11,0,19,12,63.2,104,8.7,5.5,1,73.1,8.8,48,56,0,0,0,0,0,3,10.3,0,0,123,10.8,377,83.2,DB
346,DaRon Bland,17,0,0,63,52,0,5,0,0,0,2022,23,DAL,17,8,0,0,0,,0,0,,0,0,0,0,0,,0,0,0,,0,0,38,16,54,1,2,5,19,0,7,0,0,0,0,0,0,0,0,19,0,63,45,71.4,412,9.2,6.5,5,82.2,6.8,219,193,8,0,1,0,1,5,8.5,0,0,596,52,171,35.8,DB
347,Kris Boyd,17,0,0,5,3.2,0,0,0,0,0,2022,26,MIN,17,0,0,0,0,,0,0,,0,0,0,0,0,,0,0,0,,0,0,8,5,13,0,0,0,0,0,0,0,1,0,0,1,0,0,0,0,0,5,4,80,25,6.3,5,1,127.1,2.2,10,15,0,0,0,0,0,0,0,0,0,37,3.2,403,81.7,DB
348,James Bradberry,17,0,0,86,97.5,0,3,0,0,0,2022,29,PHI,17,17,1,0,0,,0,0,,0,0,6,0,0,,0,0,0,,0,0,39,5,44,2,0,3,54,1,17,0,0,0,0,0,0,0,0,54,0,86,39,45.3,382,9.8,4.4,2,51.6,10.4,239,143,1,0,0,0,0,7,13.7,0,0,1078,97.5,0,0,LCB
349,Coby Bryant,17,2,0,72,65.4,0,0,0,0,0,2022,23,SEA,17,6,0,0,0,,0,0,,0,0,0,0,0,,0,0,0,,0,2,52,18,70,4,4,0,0,0,4,0,0,0,0,4,0,0,0,0,0,72,54,75,657,12.2,9.1,3,116.5,7.3,301,356,12,0,2,0,4,7,9.1,0,0,756,65.4,4,0.9,DB
350,Myles Bryant,17,0,0,70,61,1,1,56,0,0,2022,24,NWE,17,6,0,0,0,,0,0,,0,0,0,0,0,,0,10,56,5.6,0,0,45,25,70,0,0,1,11,0,6,1,1,0,0,0,0,0,0,67,56,70,47,67.1,509,10.8,7.3,4,101.4,9.1,358,151,10,0,0,0,0,5,6.7,0,0,689,61,101,22.1,CB
351,Kevin Byard,17,0,0,71,97.5,0,4,0,0,0,2022,29,TEN,17,17,0,0,0,,0,0,,0,0,0,0,0,,0,0,0,,0,0,69,39,108,0,1,4,57,0,6,0,0,0,0,0,0,0,0,57,0,71,46,64.8,610,13.3,8.6,2,77.8,7.9,365,245,13,2,0,0,2,4,3.6,0,0,1139,97.5,32,7.1,SS
352,Camryn Bynum,17,0,0,44,100,0,2,0,0,0,2022,24,MIN,17,17,0,0,0,,0,0,,0,0,0,0,0,,0,0,0,,0,0,49,32,81,0,0,2,17,0,6,0,2,55,0,0,0,0,0,72,0,44,29,65.9,479,16.5,10.9,8,123,14.3,358,121,1,0,0,0,0,5,5.8,0,0,1161,100,41,8.3,FS
353,Tyson Campbell,17,0,0,83,97.9,0,3,0,0,0,2022,22,JAX,17,17,1,0,0,,0,0,,0,0,6,0,0,,0,0,0,,0,0,55,15,70,2,0,3,32,0,15,0,2,12,1,1,0,0,0,44,0,83,45,54.2,433,9.6,5.2,6,78,11.3,299,134,1,0,0,0,0,5,6.7,0,0,1138,97.9,67,15.9,RCB
354,Michael Carter II,17,0,0,77,64.3,0,2,0,0,0,2022,23,NYJ,17,6,0,0,0,,0,0,,0,0,0,0,0,,0,0,0,,0,0,50,13,63,3,0,2,0,0,9,0,0,0,0,0,0,0,0,0,0,77,50,64.9,473,9.5,6.1,1,75.3,4.8,152,321,16,3,0,0,3,1,1.6,0,0,732,64.3,40,8.7,DB
355,Sean Chandler,17,0,0,3,6.4,0,0,0,0,0,2022,26,CAR,17,0,0,0,0,,0,0,,0,0,0,0,0,,0,0,0,,0,0,11,8,19,0,0,0,0,0,0,0,0,0,0,0,1,2,2,2,0,3,3,100,35,11.7,11.7,1,154.9,4.7,14,21,0,0,0,0,0,0,0,0,0,74,6.4,320,67.9,S
356,Camaron Cheeseman,17,0,0,0,0,0,0,0,0,0,2022,24,WAS,17,0,0,0,0,,0,0,,0,0,0,0,0,,0,0,0,,0,0,0,1,1,0,0,0,0,0,0,0,0,0,0,0,0,0,0,0,0,0,0,,0,,,0,,,0,0,0,0,0,0,0,0,0,0,0,0,0,145,31.5,LS
357,Chuck Clark,17,0,0,43,100,0,0,0,0,0,2022,27,BAL,17,17,0,0,0,,0,0,,0,0,0,0,0,,0,0,0,,0,0,61,40,101,0,0,0,0,0,4,0,1,-5,0,1,0,0,0,-5,0,43,32,74.4,270,8.4,6.3,1,98,5.5,123,147,14,1,0,0,1,4,3.8,0,0,1093,100,74,17.2,SS
358,Chris Claybrooks,17,0,0,3,4,0,0,77,0,0,2022,25,JAX,17,0,0,0,0,,0,0,,0,0,0,4,77,19.3,0,0,0,,0,0,10,3,13,0,0,0,0,0,0,0,0,0,0,0,0,0,0,77,77,3,3,100,34,11.3,11.3,0,113.9,7.3,22,12,0,0,0,0,0,0,0,0,0,47,4,219,51.9,CB
359,Jack Coco,17,0,0,0,0,0,0,0,0,0,2022,24,GNB,17,0,0,0,0,,0,0,,0,0,0,0,0,,0,0,0,,0,0,0,1,1,0,0,0,0,0,0,0,0,0,0,0,0,0,0,0,0,0,0,,0,,,0,,,0,0,0,0,0,0,0,0,0,0,0,0,0,123,28.7,LS
360,Morgan Cox,17,0,0,0,0,0,0,0,0,0,2022,36,TEN,17,0,0,0,0,,0,0,,0,0,0,0,0,,0,0,0,,0,0,1,0,1,0,0,0,0,0,0,0,0,0,0,0,0,0,0,0,0,0,0,,0,,,0,,,0,0,0,0,0,0,0,0,0,0,0,0,0,148,33,LS
361,Scott Daly,17,0,0,0,0,1,0,0,0,0,2022,28,DET,17,0,0,0,0,,0,0,,0,0,0,0,0,,0,0,0,,0,0,0,0,0,0,0,0,0,0,0,1,1,0,0,0,0,0,0,0,0,0,0,,0,,,0,,,0,0,0,0,0,0,0,1,100,0,0,0,0,136,30.2,LS
362,Michael Davis,17,1,0,70,75.5,0,1,0,0,0,2022,27,LAC,17,12,0,0,0,,0,0,,0,0,0,0,0,,0,0,0,,0,1,48,14,62,2,1,1,30,0,15,0,0,0,0,0,0,0,0,30,0,70,34,48.6,337,9.9,4.8,2,66.2,11.5,218,119,3,0,0,0,1,1,1.6,0,0,791,75.5,157,33.9,LCB
363,Dee Delaney,17,0,0,15,19.2,1,0,0,0,0,2022,27,TAM,17,1,0,0,0,,0,0,,0,0,0,0,0,,0,1,0,0,0,0,25,4,29,2,0,0,0,0,0,1,0,0,0,0,0,0,0,0,0,15,14,93.3,77,5.5,5.1,1,110.3,1.6,21,56,9,0,0,0,0,3,9.4,0,0,215,19.2,304,66.1,DB
364,Grant Delpit,17,0,0,41,99.7,0,4,0,0,0,2022,24,CLE,17,16,0,0,0,,0,0,,0,0,0,0,0,,0,0,0,,0,0,72,33,105,4,0,4,36,0,10,0,0,0,0,0,0,0,0,36,0,41,21,51.2,352,16.8,8.6,5,80.5,12.4,190,162,13,0,0,0,0,9,7.9,0,0,1086,99.7,137,30.9,SS
365,Andrew DePaola,17,0,0,0,0,0,0,0,0,0,2022,35,MIN,17,0,0,0,0,,0,0,,0,0,0,0,0,,0,0,0,,0,0,2,1,3,0,0,0,0,0,0,0,0,0,0,0,0,0,0,0,0,0,0,,0,,,0,,,0,0,0,0,0,0,0,0,0,0,0,0,0,159,32.3,LS
366,Quandre Diggs,17,0,0,35,100,0,4,0,0,0,2022,29,SEA,17,17,0,0,0,,0,0,,0,0,0,0,0,,0,0,0,,0,0,50,21,71,1,1,4,70,0,7,0,0,0,0,1,0,0,0,70,0,35,20,57.1,350,17.5,10,4,89.9,13.9,216,134,4,0,1,0,1,6,7.8,0,0,1156,100,3,0.6,FS
367,Trevon Diggs,17,0,0,85,97.3,0,3,0,0,0,2022,24,DAL,17,17,0,0,0,,0,0,,0,0,0,0,0,,0,0,0,,0,0,50,9,59,0,0,3,10,0,14,0,1,17,0,0,0,0,0,27,0,85,55,64.7,673,12.2,7.9,3,86.1,9.8,369,304,1,0,0,0,0,1,1.7,0,0,1116,97.3,0,0,RCB
368,Rasul Douglas,17,1,0,84,88.5,1,4,0,0,0,2022,27,GNB,17,12,0,0,0,,0,0,,0,0,0,0,0,,0,0,0,,0,1,69,16,85,4,1,4,26,0,13,1,0,0,0,1,0,0,0,26,0,84,54,64.3,583,10.8,6.9,6,88.5,7.5,312,271,3,0,0,0,1,6,6.6,0,0,914,88.5,172,40.2,DB
369,Martin Emerson,17,1,0,91,71.8,0,0,0,0,0,2022,22,CLE,17,6,0,0,0,,0,0,,0,0,0,0,0,,0,0,0,,0,1,51,12,63,1,1,0,0,0,15,0,0,0,0,0,0,0,0,0,0,91,46,50.5,490,10.7,5.4,3,77.6,10.4,380,110,3,0,0,0,1,6,8.7,0,0,782,71.8,86,19.4,CB
370,Marcus Epps,17,0,0,52,99.1,0,0,0,0,0,2022,26,PHI,17,17,0,0,0,,0,0,,0,0,0,0,0,,0,0,0,,0,0,70,24,94,4,0,0,0,0,6,0,0,0,0,1,0,0,0,0,0,52,38,73.1,470,12.4,9,6,139.1,9.2,290,180,6,1,0,0,1,10,9.6,0,0,1096,99.1,170,37.5,SS
371,Matthias Farley,17,0,0,1,0.6,0,0,0,0,0,2022,30,LVR,17,0,0,0,0,,0,0,,0,0,0,0,0,,0,0,0,,0,0,4,7,11,0,0,0,0,0,0,0,0,0,0,0,1,-3,-3,-3,0,1,1,100,7,7,7,0,95.8,0,0,7,0,0,0,0,0,0,0,0,0,7,0.6,373,82.3,S
372,Blake Ferguson,17,0,0,0,0,0,0,0,0,0,2022,25,MIA,17,0,0,0,0,,0,0,,0,0,0,0,0,,0,0,0,,0,0,1,1,2,0,0,0,0,0,0,0,0,0,0,0,0,0,0,0,0,0,0,,0,,,0,,,0,0,0,0,0,0,0,0,0,0,0,0,0,140,30.9,LS
373,Mike Ford,17,0,0,7,7.4,0,0,0,0,0,2022,27,ATL,17,2,0,0,0,,0,0,,0,0,0,0,0,,0,0,0,,0,0,7,8,15,1,1,0,0,0,0,0,0,0,0,0,0,0,0,0,0,7,2,28.6,32,16,4.6,0,46.1,9.9,13,19,2,0,1,0,1,0,0,0,0,83,7.4,361,83,CB
374,Rudy Ford,17,0,0,20,42.8,0,3,0,0,0,2022,28,GNB,17,6,0,0,0,,0,0,,0,0,0,0,0,,0,0,0,,0,0,31,13,44,0,0,3,87,0,3,0,1,1,0,1,0,0,0,88,0,20,13,65,242,18.6,12.1,3,106.7,12.9,177,65,0,0,0,0,0,4,8.3,0,0,442,42.8,108,25.2,FS
375,Darrick Forrest,17,0,0,55,81.4,0,4,0,0,0,2022,23,WAS,17,11,0,0,0,,0,0,,0,0,0,0,0,,0,0,0,,0,0,56,32,88,1,0,4,1,0,9,0,1,12,0,2,0,0,0,13,0,55,30,54.5,448,14.9,8.1,4,75.4,12.3,286,162,7,0,0,0,0,3,3.3,0,0,850,81.4,112,24.3,DB
376,Sam Franklin,17,0,0,3,7.6,0,0,0,0,0,2022,26,CAR,17,1,0,0,0,,0,0,,0,0,0,0,0,,0,0,0,,0,0,15,5,20,1,0,0,0,0,0,0,0,0,0,1,0,0,0,0,0,3,2,66.7,-1,-0.5,-0.3,0,70.1,3.7,-2,1,2,1,0,0,1,0,0,0,0,88,7.6,359,76.2,S
377,Kendall Fuller,17,0,0,74,98.8,0,3,0,0,0,2022,27,WAS,17,17,2,0,0,,0,0,,0,0,12,0,0,,0,0,0,,0,0,36,16,52,1,0,3,66,2,13,0,0,0,0,0,0,0,0,66,0,74,41,55.4,590,14.4,8,5,87.1,11.8,396,194,2,0,0,0,0,5,8.8,0,0,1031,98.8,0,0,LCB/DB
378,Sauce Gardner,17,0,0,86,98,0,2,0,0,0,2022,22,NYJ,17,17,0,0,0,,0,0,,0,0,0,0,0,,0,0,0,,0,0,51,24,75,3,1,2,19,0,20,0,0,0,0,0,0,0,0,19,0,86,46,53.5,452,9.8,5.3,1,62.7,12.5,277,175,5,0,1,0,1,5,6.3,0,0,1115,98,92,20,RCB
379,Alohi Gilman,17,0,0,22,45.4,0,1,0,0,0,2022,25,LAC,17,5,0,0,0,,0,0,,0,0,0,0,0,,0,0,0,,0,0,35,23,58,0,0,1,18,0,3,0,2,4,0,1,0,0,0,22,0,22,15,68.2,320,21.3,14.5,0,92,13.5,226,94,0,0,0,0,0,3,4.9,0,0,475,45.4,269,58.1,S
380,Tashaun Gipson,17,0.5,0,35,96.7,0,5,0,0,0,2022,32,SFO,17,17,0,0,0,,0,0,,0,0,0,0,0,,0,0,0,,0,0.5,43,18,61,1,1,5,141,0,8,0,0,0,0,0,0,0,0,141,0,35,20,57.1,371,18.6,10.6,1,63.8,14.8,283,88,9,0,0,0,1,2,3.2,0,0,1036,96.7,28,6.4,FS
381,C.J. Goodwin,17,0,0,0,0,0,0,0,0,0,2022,32,DAL,17,0,0,0,0,,0,0,,0,0,0,0,0,,0,0,0,,0,0,3,5,8,0,0,0,0,0,0,0,0,0,0,1,0,0,0,0,0,0,0,,0,,,0,,,0,0,0,0,0,0,0,0,0,0,0,0,0,343,71.9,CB
382,Richie Grant,17,0,0,62,99.6,0,2,0,0,0,2022,25,ATL,17,17,0,0,0,,0,0,,0,0,0,0,0,,0,0,0,,0,0,70,53,123,3,1,2,22,0,7,0,1,0,0,1,0,0,0,22,0,62,39,62.9,446,11.4,7.2,3,87.2,10.1,240,206,11,1,1,0,2,8,6.1,0,0,1117,99.6,165,37.9,SS
383,A.J. Green,17,0,0,13,12.9,0,1,0,0,0,2022,24,CLE,17,1,0,0,0,,0,0,,0,0,0,0,0,,0,0,0,,0,0,14,4,18,0,1,1,0,0,1,0,0,0,0,0,0,0,0,0,0,13,10,76.9,109,10.9,8.4,1,94.7,5.3,69,40,4,0,1,0,1,3,14.3,0,0,141,12.9,221,49.8,CB
384,Darren Hall,17,0,0,37,56.5,0,0,0,0,0,2022,22,ATL,17,9,0,0,0,,0,0,,0,0,0,0,0,,0,0,0,,0,0,29,16,45,1,0,0,0,0,3,0,1,3,0,1,0,0,0,3,0,37,26,70.3,317,12.2,8.6,2,114.4,10.5,212,105,0,0,0,0,0,3,6.3,0,0,634,56.5,57,13.1,RCB
385,Duron Harmon,17,0,0,57,95.7,0,2,0,0,0,2022,31,LVR,17,16,1,0,0,,0,0,,0,0,6,0,0,,0,0,0,,0,0,63,23,86,0,0,2,86,1,5,0,0,0,0,2,0,0,0,86,0,57,44,77.2,693,15.8,12.2,3,120,9,373,320,15,0,0,1,0,6,6.5,0,0,1078,95.7,86,19,SS
386,Josh Harris,17,0,0,0,0,0,0,0,0,0,2022,33,LAC,17,0,0,0,0,,0,0,,0,0,0,0,0,,0,0,0,,0,0,0,2,2,0,0,0,0,0,0,0,0,0,0,0,0,0,0,0,0,0,0,,0,,,0,,,0,0,0,0,0,0,0,0,0,0,0,0,0,147,31.7,LS
387,C.J. Henderson,17,0,0,84,66.2,0,2,0,0,0,2022,24,CAR,17,10,0,0,0,,0,0,,0,0,0,0,0,,0,0,0,,0,0,50,8,58,2,0,2,74,0,6,0,1,0,0,1,0,0,0,74,0,84,58,69,684,11.8,8.1,5,103.5,10.5,501,183,2,1,0,0,1,7,10.8,0,0,765,66.2,109,23.1,LCB
388,Thomas Hennessy,17,0,0,0,0,0,0,0,0,0,2022,28,NYJ,17,0,0,0,0,,0,0,,0,0,0,0,0,,0,0,0,,0,0,1,1,2,0,0,0,0,0,0,0,0,0,0,0,0,0,0,0,0,0,0,,0,,,0,,,0,0,0,0,0,0,0,0,0,0,0,0,0,155,33.7,LS
389,Jevon Holland,17,1.5,0,49,98.7,1,2,18,0,0,2022,22,MIA,17,17,0,0,0,,0,0,,0,0,0,0,0,,0,4,18,4.5,0,1.5,77,19,96,1,1,2,64,0,7,1,0,0,0,1,0,0,0,82,18,49,38,77.6,516,13.6,10.5,3,113.9,9.9,343,173,21,3,0,1,5,5,5,0,0,1129,98.7,108,23.8,FS
390,Christian Holmes,17,0,0,8,9.9,0,0,0,0,0,2022,25,WAS,17,2,0,0,0,,0,0,,0,0,0,0,0,,0,0,0,,0,0,8,4,12,0,0,0,0,0,0,0,2,0,0,0,0,0,0,0,0,8,7,87.5,106,15.1,13.3,1,158.3,11.6,75,31,0,0,0,0,0,2,14.3,0,0,103,9.9,323,70.1,CB
391,DeAndre Houston-Carson,17,0,0,17,38,0,1,0,0,0,2022,29,CHI,17,6,0,0,0,,0,0,,0,0,0,0,0,,0,0,0,,0,0,26,19,45,2,1,1,18,0,1,0,0,0,0,1,0,0,0,18,0,17,9,52.9,120,13.3,7.1,0,51.1,9.6,51,69,8,0,0,0,0,3,6.3,0,0,413,38,286,65.6,SS
392,Talanoa Hufanga,17,2,0,55,96.1,0,4,0,0,0,2022,23,SFO,17,17,1,0,0,,0,0,,0,0,6,0,0,,0,0,0,,0,2,66,31,97,5,3,4,61,1,9,0,0,0,0,2,0,0,0,61,0,55,35,63.6,399,11.4,7.3,6,91.4,8.9,240,159,28,2,1,0,5,8,7.6,2,0.2,1029,96.1,93,21.2,SS
393,Charley Hughlett,17,0,0,0,0,0,0,0,0,0,2022,32,CLE,17,0,0,0,0,,0,0,,0,0,0,0,0,,0,0,0,,0,0,0,2,2,0,0,0,0,0,0,0,0,0,0,0,0,0,0,0,0,0,0,,0,,,0,,,0,0,0,0,0,0,0,0,0,0,0,0,0,132,29.7,LS
394,Marlon Humphrey,17,3,0,79,96.3,0,3,0,0,0,2022,26,BAL,17,17,0,0,0,,0,0,,0,0,0,0,0,,0,0,0,,0,3,53,18,71,3,4,3,26,0,7,0,2,0,0,1,0,0,0,26,0,79,51,64.6,590,11.6,7.5,3,83.8,9.6,420,170,7,2,1,0,6,1,1.4,0,0,1053,96.3,31,7.2,RCB
395,Kareem Jackson,17,0,0,59,99.6,0,0,0,0,0,2022,34,DEN,17,17,0,0,0,,0,0,,0,0,0,0,0,,0,0,0,,0,0,55,39,94,2,0,0,0,0,3,0,2,2,0,0,0,0,0,2,0,59,34,57.6,470,13.8,8,3,100.2,9.2,252,218,2,0,0,0,0,16,14.5,0,0,1139,99.6,0,0,SS
396,Michael Jackson,17,0,0,86,93.6,1,1,0,0,0,2022,25,SEA,17,17,1,0,0,,0,0,,0,0,6,0,0,,0,0,0,,0,0,63,12,75,3,1,1,22,0,12,1,2,8,0,0,0,0,0,30,0,86,48,55.8,488,10.2,5.7,2,75.1,10.3,348,140,3,0,1,0,1,6,7.4,0,0,1082,93.6,77,16.5,LCB
397,J.J. Jansen,17,0,0,0,0,0,0,0,0,0,2022,36,CAR,17,0,0,0,0,,0,0,,0,0,0,0,0,,0,0,0,,0,0,1,1,2,0,0,0,0,0,0,0,0,0,0,0,0,0,0,0,0,0,0,,0,,,0,,,0,0,0,0,0,0,0,0,0,0,0,0,0,152,32.3,LS
398,Rayshawn Jenkins,17,1,0,55,96.8,0,3,0,0,0,2022,28,JAX,17,17,1,0,0,,0,0,,0,0,6,0,0,,0,0,0,,0,1,73,43,116,3,2,3,64,1,12,0,0,0,0,3,0,0,0,64,0,55,39,70.9,450,11.5,8.2,1,78.6,8.8,259,191,23,5,2,2,8,18,13.4,0,0,1126,96.8,125,29.6,SS
399,John Johnson,17,0.5,0,49,96.9,0,1,0,0,0,2022,27,CLE,17,17,0,0,0,,0,0,,0,0,0,0,0,,0,0,0,,0,0.5,70,31,101,4,2,1,0,0,4,0,2,0,0,2,0,0,0,0,0,49,27,55.1,429,15.9,8.8,1,82.8,11.8,270,159,5,1,1,0,3,10,9,0,0,1055,96.9,139,31.3,FS
400,Kerby Joseph,17,0,0,40,77.3,0,4,0,0,0,2022,22,DET,17,14,0,0,0,,0,0,,0,0,0,0,0,,0,0,0,,0,0,55,27,82,0,1,4,70,0,8,0,1,6,0,2,0,0,0,76,0,40,25,62.5,294,11.8,7.4,6,84.8,13.9,213,81,4,0,1,0,1,7,7.9,0,0,878,77.3,170,37.7,SS
401,Miles Killebrew,17,0,0,0,1.2,0,0,0,0,0,2022,29,PIT,17,0,0,0,0,,0,0,,0,0,0,0,0,,0,0,0,,0,0,1,3,4,0,0,0,0,0,0,0,0,0,0,0,0,0,0,0,0,0,0,,0,,,0,,,0,0,0,0,0,0,0,0,0,0,0,13,1.2,290,66.2,S
402,Desmond King,17,0,0,56,78.3,1,2,359,0,0,2022,28,HOU,17,13,0,0,0,,0,0,,0,0,0,1,50,50,0,33,309,9.4,0,0,59,30,89,10,2,2,30,0,8,1,2,20,0,0,0,0,0,409,359,56,40,71.4,365,9.1,6.5,2,85.8,6.9,204,161,8,1,1,1,2,7,7.3,0,0,918,78.3,103,22.2,DB/LCB
403,Casey Kreiter,17,0,0,0,0,0,0,0,0,0,2022,32,NYG,17,0,0,0,0,,0,0,,0,0,0,0,0,,0,0,0,,0,0,0,1,1,0,0,0,0,0,0,0,0,0,0,0,0,0,0,0,0,0,0,,0,,,0,,,0,0,0,0,0,0,0,0,0,0,0,0,0,149,31.6,LS
404,Christian Kuntz,17,0,0,0,0,0,0,0,0,0,2022,28,PIT,17,0,0,0,0,,0,0,,0,0,0,0,0,,0,0,0,,0,0,1,0,1,0,0,0,0,0,0,0,0,0,0,0,0,0,0,0,0,0,0,,0,,,0,,,0,0,0,0,0,0,0,0,0,0,0,0,0,141,32.2,LS
405,Dallin Leavitt,17,0,0,0,0,0,0,0,0,0,2022,28,GNB,17,0,0,0,0,,0,0,,0,0,0,0,0,,0,0,0,,0,0,7,6,13,0,0,0,0,0,0,0,0,0,0,0,1,0,0,0,0,0,0,,0,,,0,,,0,0,0,0,0,0,0,0,0,0,0,0,0,308,72,S
406,Deommodore Lenoir,17,1,0,83,82.8,0,1,0,0,0,2022,23,SFO,17,13,0,0,0,,0,0,,0,0,0,0,0,,0,0,0,,0,1,54,25,79,6,2,1,8,0,5,0,0,0,0,0,0,0,0,8,0,83,55,66.3,695,12.6,8.4,1,91.2,8.9,418,277,13,1,1,0,3,9,10.2,0,0,887,82.8,111,25.3,LCB
407,Deane Leonard,17,0,0,0,0.4,0,0,0,0,0,2022,23,LAC,17,0,0,0,0,,0,0,,0,0,0,0,0,,0,0,0,,0,0,4,1,5,0,0,0,0,0,0,0,1,0,0,1,0,0,0,0,0,0,0,,0,,,0,,,0,0,0,0,0,0,0,0,0,0,0,4,0.4,287,62,DB
408,Rick Lovato,17,0,0,0,0,0,0,0,0,0,2022,30,PHI,17,0,0,0,0,,0,0,,0,0,0,0,0,,0,0,0,,0,0,1,2,3,0,0,0,0,0,0,0,0,0,0,0,0,0,0,0,0,0,0,,0,,,0,,,0,0,0,0,0,0,0,0,0,0,0,0,0,139,30.7,LS
409,Tyrann Mathieu,17,1,0,59,99.7,0,3,0,0,0,2022,30,NOR,17,17,0,0,0,,0,0,,0,0,0,0,0,,0,0,0,,0,1,64,27,91,3,1,3,44,0,8,0,1,0,0,1,0,0,0,44,0,59,37,62.7,387,10.5,6.6,3,77.4,7.7,204,183,15,0,1,0,2,6,6.2,0,0,1129,99.7,0,0,FS
410,Ross Matiscik,17,0,0,0,0,0,0,0,0,0,2022,26,JAX,17,0,0,0,0,,0,0,,0,0,0,0,0,,0,0,0,,0,0,1,3,4,0,0,0,0,0,0,0,0,0,0,0,0,0,0,0,0,0,0,,0,,,0,,,0,0,0,0,0,0,0,0,0,0,0,0,0,131,31,LS
411,Arthur Maulet,17,2,0,39,45.2,0,1,0,0,0,2022,29,PIT,17,6,0,0,0,,0,0,,0,0,0,0,0,,0,0,0,,0,2,38,21,59,2,2,1,12,0,3,0,0,0,0,1,0,0,0,12,0,39,24,61.5,348,14.5,8.9,3,105.5,7.5,187,161,23,2,1,0,5,7,10.6,0,0,481,45.2,152,34.7,CB
412,Bobby McCain,17,0,0,52,93,0,0,0,0,0,2022,29,WAS,17,16,0,0,0,,0,0,,0,0,0,0,0,,0,0,0,,0,0,54,22,76,3,1,0,0,0,5,0,0,0,0,1,0,0,0,0,0,52,41,78.8,404,9.9,7.8,2,111.9,7.3,238,166,14,1,1,0,2,2,2.6,0,0,971,93,0,0,FS
413,Devin McCourty,17,0,0,37,97.2,0,4,0,0,0,2022,35,NWE,17,17,0,0,0,,0,0,,0,0,0,0,0,,0,0,0,,0,0,54,17,71,0,0,4,66,0,8,0,1,0,0,0,0,0,0,66,0,37,19,51.4,273,14.4,7.4,4,72.1,13.4,210,63,2,0,0,0,0,5,6.6,0,0,1098,97.2,9,2,FS
414,Roger McCreary,17,0,0,108,99.7,0,1,0,0,0,2022,22,TEN,17,17,0,0,0,,0,0,,0,0,0,0,0,,0,0,0,,0,0,70,14,84,2,0,1,4,0,8,0,0,0,0,0,0,0,0,4,0,108,73,67.6,850,11.6,7.9,6,105.9,9.2,581,269,16,2,0,0,2,8,8.7,0,0,1165,99.7,49,10.9,LCB
415,Liam McCullough,17,0,0,0,0,0,0,0,0,0,2022,25,ATL,17,0,0,0,0,,0,0,,0,0,0,0,0,,0,0,0,,0,0,1,2,3,0,0,0,0,0,0,0,0,0,0,0,0,0,0,0,0,0,0,,0,,,0,,,0,0,0,0,0,0,0,0,0,0,0,0,0,134,30.8,LS
416,Rodney McLeod,17,0,0,68,90.6,0,2,0,0,0,2022,32,IND,17,15,1,0,0,,0,0,,0,0,6,0,0,,0,0,0,,0,0,59,37,96,8,0,2,27,1,8,0,1,0,0,0,0,0,0,27,0,68,46,67.6,455,9.9,6.7,5,98.6,7.3,223,232,10,1,0,0,1,6,5.9,0,0,1031,90.6,183,40.3,SS
417,Zech McPhearson,17,1,0,6,9,0,0,0,0,0,2022,24,PHI,17,0,0,0,0,,0,0,,0,0,0,0,0,,0,0,0,,0,1,12,2,14,1,1,0,0,0,1,0,0,0,0,0,0,0,0,0,0,6,3,50,40,13.3,6.7,0,71.5,8.8,39,1,0,0,0,0,1,0,0,0,0,99,9,362,79.9,CB
418,Josh Metellus,17,0,0,19,22.2,0,1,0,0,0,2022,24,MIN,17,3,0,0,0,,0,0,,0,0,0,0,0,,0,0,0,,0,0,32,10,42,1,0,1,0,0,5,0,0,0,0,0,0,0,0,0,0,19,13,68.4,133,10.2,7,1,83.9,11.7,102,31,2,0,0,0,0,2,4.5,0,0,258,22.2,381,77.3,S
419,Nick Moore,17,0,0,0,0,0,0,0,0,0,2022,30,BAL,17,0,0,0,0,,0,0,,0,0,0,0,0,,0,0,0,,0,0,2,2,4,0,0,0,0,0,0,0,0,0,0,0,0,0,0,0,0,0,0,,0,,,0,,,0,0,0,0,0,0,0,0,0,0,0,0,0,132,30.6,LS
420,Eric Murray,17,0,0,3,10.2,0,0,0,0,0,2022,28,HOU,17,0,0,0,0,,0,0,,0,0,0,0,0,,0,0,0,,0,0,18,9,27,0,0,0,0,0,0,0,0,0,0,0,0,0,0,0,0,3,3,100,22,7.3,7.3,1,136.8,6.3,19,3,0,0,0,0,0,0,0,0,0,119,10.2,403,86.9,DB
421,Keanu Neal,17,0.5,0,28,51.8,0,1,0,0,0,2022,27,TAM,17,8,0,0,0,,0,0,,0,0,0,0,0,,0,0,0,,0,0.5,41,22,63,2,5,1,0,0,4,0,0,0,0,0,0,0,0,0,0,28,21,75,245,11.7,8.8,3,121.9,9.6,114,131,14,1,4,0,6,7,10,0,0,581,51.8,104,22.6,DB
422,Keisean Nixon,17,0,0,29,28,0,1,1149,1,0,2022,25,GNB,17,4,1,0,0,,0,0,,0,0,6,35,1009,28.8,1,11,140,12.7,0,0,18,5,23,1,0,1,1,0,2,0,0,0,0,1,0,0,0,1150,1149,29,20,69,202,10.1,7,1,85.7,6.7,89,113,3,0,0,0,0,2,8,0,0,289,28,231,54,CB
423,George Odum,17,0,0,3,3.5,0,1,0,0,0,2022,29,SFO,17,0,0,0,0,,0,0,,0,0,0,0,0,,0,0,0,,0,0,16,6,22,0,0,1,25,0,1,0,0,0,0,0,0,0,0,25,0,3,2,66.7,8,4,2.7,1,70.1,10.7,8,0,0,0,0,0,0,0,0,0,0,38,3.5,345,78.8,S
424,Matthew Orzech,17,0,0,0,0,0,0,0,0,0,2022,27,LAR,17,0,0,0,0,,0,0,,0,0,0,0,0,,0,0,0,,0,0,3,0,3,0,0,0,0,0,0,0,0,0,0,0,0,0,0,0,0,0,0,,0,,,0,,,0,0,0,0,0,0,0,0,0,1,0.1,0,0,139,31.2,LS
425,Jonathan Owens,17,1,0,42,82.8,0,0,0,0,0,2022,27,HOU,17,17,0,0,0,,0,0,,0,0,0,0,0,,0,0,0,,0,1,84,41,125,0,1,0,0,0,4,0,0,0,0,0,0,0,0,0,0,42,28,66.7,474,16.9,11.3,3,128.5,10.6,293,181,4,0,0,0,1,8,6,0,0,971,82.8,71,15.3,FS
426,Jabrill Peppers,17,0,0,24,35.3,0,0,0,0,0,2022,27,NWE,17,5,0,0,0,,0,0,,0,0,0,0,0,,0,0,0,,0,0,35,25,60,2,0,0,0,0,0,0,1,12,0,0,0,0,0,12,0,24,20,83.3,157,7.9,6.5,1,107.8,2.9,60,97,11,0,0,0,0,1,1.6,0,0,399,35.3,269,58.9,DB
427,Taybor Pepper,17,0,0,0,0,0,0,0,0,0,2022,28,SFO,17,0,0,0,0,,0,0,,0,0,0,0,0,,0,0,0,,0,0,0,0,0,0,0,0,0,0,0,0,0,0,0,0,0,0,0,0,0,0,0,,0,,,0,,,0,0,0,0,0,0,0,1,100,0,0,0,0,147,33.6,LS
428,Patrick Peterson,17,0,0,89,95.2,0,5,0,0,0,2022,32,MIN,17,17,0,0,0,,0,0,,0,0,0,0,0,,0,0,0,,0,0,56,10,66,3,0,5,91,0,15,0,0,0,0,0,0,0,0,91,0,89,53,59.6,696,13.1,7.8,5,79.6,11.1,387,309,2,0,0,0,0,3,4.3,0,0,1105,95.2,84,17,RCB
429,James Pierre,17,0,0,31,24.4,1,1,0,0,0,2022,26,PIT,17,2,0,0,0,,0,0,,0,0,0,1,0,0,0,0,0,,0,0,21,8,29,0,0,1,0,0,4,1,1,0,0,0,0,0,0,0,0,31,13,41.9,181,13.9,5.8,1,58.7,10.9,113,68,1,0,0,0,0,0,0,0,0,260,24.4,196,44.7,CB
430,Jalen Pitre,17,1,0,63,92.9,1,5,0,0,0,2022,23,HOU,17,17,0,0,0,,0,0,,0,0,0,0,0,,0,0,0,,0,1,99,48,147,5,1,5,57,0,8,1,1,0,0,0,0,0,0,57,0,63,41,65.1,662,16.1,10.5,4,88.2,13.3,477,185,7,1,0,0,2,19,11.4,0,0,1089,92.9,9,1.9,SS
431,Jalen Ramsey,17,2,0,91,98.9,0,4,5,0,0,2022,28,LAR,17,17,0,0,0,,0,0,,0,0,0,0,0,,0,0,5,,0,2,64,24,88,4,2,4,53,0,18,0,1,12,0,2,0,0,0,70,5,91,57,62.6,659,11.6,7.2,5,84.5,9.1,435,224,21,2,0,3,4,3,3.3,0,0,1077,98.9,126,28.3,RCB
432,Jeremy Reaves,17,0,0,9,14.3,0,0,0,0,0,2022,26,WAS,17,3,0,0,0,,0,0,,0,0,0,0,0,,0,0,0,,0,0,20,13,33,0,0,0,0,0,1,0,0,0,0,0,0,0,0,0,0,9,5,55.6,36,7.2,4,0,65,6.3,22,14,3,0,0,0,0,1,2.9,0,0,149,14.3,374,81.1,S
433,D.J. Reed,17,0,0,85,99.8,0,1,0,0,0,2022,26,NYJ,17,17,0,0,0,,0,0,,0,0,0,0,0,,0,0,0,,0,0,63,17,80,1,0,1,0,0,12,0,0,0,0,1,0,0,0,0,0,85,54,63.5,489,9.1,5.8,2,81.9,11.7,323,166,2,0,0,0,0,6,7,0,0,1136,99.8,23,5,LCB
434,Justin Reid,17,1,0,58,97,0,0,0,0,0,2022,25,KAN,17,17,0,1,2,50,0,0,,0,0,1,0,0,,0,0,0,,0,1,59,24,83,2,4,0,0,0,7,0,0,0,0,0,0,0,0,0,0,58,37,63.8,388,10.5,6.7,4,106.1,7.2,243,145,34,1,3,1,5,8,8.8,0,0,1113,97,74,16.1,FS
435,Luke Rhodes,17,0,0,0,0,0,0,0,0,0,2022,30,IND,17,0,0,0,0,,0,0,,0,0,0,0,0,,0,0,0,,0,0,2,1,3,0,0,0,0,0,0,0,0,0,0,0,0,0,0,0,0,0,0,,0,,,0,,,0,0,0,0,0,0,0,0,0,0,0,0,0,135,29.7,LS
436,Amik Robertson,17,1,0,64,60.1,0,2,0,0,0,2022,24,LVR,17,7,1,0,0,,0,0,,0,0,6,0,0,,0,0,0,,0,1,29,9,38,2,0,2,7,0,9,0,1,68,1,1,0,0,0,75,0,64,39,60.9,545,14,8.5,4,96.2,11.3,347,198,10,1,0,1,2,3,7.3,0,0,677,60.1,32,7.1,DB
437,Robert Rochell,17,0,0,1,2.4,0,0,0,0,0,2022,24,LAR,17,0,0,0,0,,0,0,,0,0,0,0,0,,0,0,0,,0,0,5,0,5,0,0,0,0,0,0,0,1,0,0,0,0,0,0,0,0,1,1,100,4,4,4,1,122.9,4,4,0,0,0,0,0,0,1,16.7,0,0,26,2.4,325,73,DB
438,Asante Samuel Jr.,17,0,0,87,92.8,0,2,0,0,0,2022,23,LAC,17,15,0,0,0,,0,0,,0,0,0,0,0,,0,0,0,,0,0,48,9,57,1,0,2,11,0,11,0,1,3,0,0,0,0,0,14,0,87,48,55.2,626,13,7.2,7,95.3,11,427,199,0,0,0,0,0,3,5,0,0,972,92.8,91,19.7,RCB
439,Patrick Scales,17,0,0,0,0,0,0,0,0,0,2022,34,CHI,17,0,0,0,0,,0,0,,0,0,0,0,0,,0,0,0,,0,0,1,3,4,0,0,0,0,0,0,0,0,0,0,0,0,0,0,0,0,0,0,,0,,,0,,,0,0,0,0,0,0,0,0,0,0,0,0,0,128,29.4,LS
440,Trent Sieg,17,0,0,0,0,0,0,0,0,0,2022,27,LVR,17,0,0,0,0,,0,0,,0,0,0,0,0,,0,0,0,,0,0,2,0,2,0,0,0,0,0,0,0,0,0,0,0,0,0,0,0,0,0,0,,0,,,0,,,0,0,0,0,0,0,0,0,0,0,0,0,0,134,29.6,LS
441,Darius Slay,17,0,0,79,90.7,0,3,0,0,0,2022,31,PHI,17,17,0,0,0,,0,0,,0,0,0,0,0,,0,0,0,,0,0,40,15,55,0,0,3,17,0,14,0,0,0,0,0,0,0,0,17,0,79,46,58.2,532,11.6,6.7,5,83.9,10.5,365,167,1,0,0,0,0,3,5.2,0,0,1003,90.7,0,0,RCB
442,Tremon Smith,17,0,0,16,17.2,0,2,470,0,0,2022,26,HOU,17,2,0,0,0,,0,0,,0,0,0,19,417,21.9,0,4,53,13.3,0,0,16,6,22,1,0,2,33,0,4,0,0,0,0,3,0,0,0,503,470,16,9,56.3,93,10.3,5.8,1,54.4,7.4,62,31,0,0,0,0,0,1,4.3,0,0,202,17.2,361,77.8,DB
443,L'Jarius Sneed,17,3.5,0,104,96.4,0,3,0,0,0,2022,25,KAN,17,17,0,0,0,,0,0,,0,0,0,0,0,,0,0,0,,0,3.5,75,33,108,5,5,3,57,0,11,0,1,5,0,3,0,0,0,62,0,104,69,66.3,649,9.4,6.2,4,84.2,6.8,312,337,40,3,3,2,10,5,4.4,0,0,1107,96.4,38,8.3,LCB
444,Daniel Sorensen,17,0,0,6,14.5,0,2,0,0,0,2022,32,NOR,17,2,0,0,0,,0,0,,0,0,0,0,0,,0,0,0,,0,0,15,10,25,0,0,2,50,0,3,0,0,0,0,0,0,0,0,50,0,6,4,66.7,52,13,8.7,0,54.2,13.3,20,32,0,0,0,0,0,0,0,0,0,164,14.5,319,71.4,S
445,M.J. Stewart,17,0,0,12,15.3,0,0,0,0,0,2022,27,HOU,17,0,0,0,0,,0,0,,0,0,0,0,0,,0,0,0,,0,0,30,11,41,1,0,0,0,0,1,0,2,2,0,1,1,3,3,5,0,12,8,66.7,67,8.4,5.6,0,80.9,8.1,24,43,2,0,1,0,1,0,0,0,0,179,15.3,391,84.3,DB
446,Geno Stone,17,0,0,22,41.3,0,0,0,0,0,2022,23,BAL,17,7,0,0,0,,0,0,,0,0,0,0,0,,0,0,0,,0,0,34,4,38,0,0,0,0,0,1,0,1,0,0,1,0,0,0,0,0,22,15,68.2,239,15.9,10.9,0,104.2,10.1,177,62,1,0,0,0,0,4,9.5,0,0,451,41.3,301,69.8,FS
447,Chandon Sullivan,17,0,0,72,81.4,0,0,0,0,0,2022,26,MIN,17,10,0,0,0,,0,0,,0,0,0,0,0,,0,0,0,,0,0,45,15,60,2,1,0,0,0,7,0,1,0,0,0,0,0,0,0,0,72,51,70.8,638,12.5,8.9,1,102.7,7.7,323,315,15,1,1,2,2,3,4.8,0,0,945,81.4,30,6.1,CB
448,Patrick Surtain II,17,0,0,77,96.7,0,2,0,0,0,2022,22,DEN,17,17,0,0,0,,0,0,,0,0,0,0,0,,0,0,0,,0,0,46,14,60,2,1,2,-3,0,10,0,0,0,0,1,0,0,0,-3,0,77,45,58.4,468,10.4,6.1,4,82.6,11.5,360,108,3,0,1,0,1,5,7.7,0,0,1106,96.7,11,2.3,LCB
449,Ja'Sir Taylor,17,0,0,11,15.4,0,0,0,0,0,2022,23,LAC,17,3,0,0,0,,0,0,,0,0,0,0,0,,0,0,0,,0,0,13,9,22,0,0,0,0,0,1,0,0,0,0,0,0,0,0,0,0,11,7,63.6,113,16.1,10.3,0,97.9,13.9,88,25,2,0,0,0,0,3,12,0,0,161,15.4,268,57.9,DB
450,Keith Taylor,17,0,0,35,32.6,1,0,0,0,0,2022,24,CAR,17,2,0,0,0,,0,0,,0,0,0,0,0,,0,1,0,0,0,0,24,5,29,0,0,0,0,0,3,1,2,0,0,0,0,0,0,0,0,35,24,68.6,426,17.8,12.2,2,129,11.5,316,110,1,0,0,1,0,3,9.4,0,0,377,32.6,170,36.1,CB
451,Roderic Teamer,17,0,0,25,25.4,0,0,0,0,0,2022,25,LVR,17,3,0,0,0,,0,0,,0,0,0,0,0,,0,0,0,,0,0,25,15,40,2,0,0,0,0,0,0,0,0,0,0,0,0,0,0,0,25,19,76,166,8.7,6.6,2,119.7,4,55,111,8,1,0,0,1,2,4.8,0,0,286,25.4,269,59.4,S
452,Jalen Thompson,17,0,0,56,98.7,0,1,0,0,0,2022,24,ARI,17,17,0,0,0,,0,0,,0,0,0,0,0,,0,0,0,,0,0,79,31,110,1,1,1,0,0,8,0,1,0,0,0,0,0,0,0,0,56,38,67.9,512,13.5,9.1,4,113.1,10.5,277,235,3,0,1,0,1,4,3.5,0,0,1097,98.7,16,3.5,SS
453,Rodney Thomas II,17,0,0,31,63.1,0,4,0,0,0,2022,24,IND,17,10,0,0,0,,0,0,,0,0,0,0,0,,0,0,0,,0,0,34,18,52,0,0,4,51,0,6,0,0,0,0,0,0,0,0,51,0,31,18,58.1,296,16.4,9.5,4,90.3,16.1,201,95,3,0,0,0,0,5,8.8,0,0,718,63.1,127,28,FS
454,Carson Tinker,17,0,0,0,0,0,0,0,0,0,2022,33,SEA,17,0,0,0,0,,0,0,,0,0,0,0,0,,0,0,0,,0,0,1,0,1,0,0,0,0,0,0,0,0,0,0,0,0,0,0,0,0,0,0,,0,,,0,,,0,0,0,0,0,0,0,0,0,0,0,0,0,148,31.8,LS
455,Zach Triner,17,0,0,0,0,0,0,0,0,0,2022,31,TAM,17,0,0,0,0,,0,0,,0,0,0,0,0,,0,0,0,,0,0,0,1,1,0,0,0,0,0,0,0,0,0,0,0,0,0,0,0,0,0,0,,0,,,0,,,0,0,0,0,0,0,0,0,0,0,0,0,0,148,32.2,LS
456,K'Von Wallace,17,0,0,12,14.8,0,0,0,0,0,2022,25,PHI,17,1,0,0,0,,0,0,,0,0,0,0,0,,0,0,0,,0,0,21,7,28,1,0,0,0,0,2,0,0,0,0,0,0,0,0,0,0,12,8,66.7,121,15.1,10.1,1,127.4,9.3,66,55,1,0,0,0,0,1,3.4,0,0,164,14.8,323,71.3,S
457,Charvarius Ward,17,0,0,95,89.5,0,1,0,0,0,2022,26,SFO,17,17,0,0,0,,0,0,,0,0,0,0,0,,0,0,0,,0,0,59,28,87,3,0,1,9,0,11,0,1,40,0,1,0,0,0,49,0,95,54,56.8,612,11.3,6.4,3,82.4,9.7,410,202,3,0,0,0,0,0,0,0,0,959,89.5,49,11.2,RCB
458,Sam Webb,17,0,0,44,29,0,0,0,0,0,2022,24,LVR,17,3,0,0,0,,0,0,,0,0,0,0,0,,0,0,0,,0,0,26,10,36,0,0,0,0,0,3,0,0,0,0,1,0,0,0,0,0,44,31,70.5,337,10.9,7.7,1,100.3,8.6,202,135,3,0,0,0,0,2,5.3,0,0,327,29,73,16.1,CB
459,Jon Weeks,17,0,0,0,0,0,0,0,0,0,2022,36,HOU,17,0,0,0,0,,0,0,,0,0,0,0,0,,0,0,0,,0,0,1,5,6,0,0,0,0,0,0,0,0,0,0,0,0,0,0,0,0,0,0,,0,,,0,,,0,0,0,0,0,0,0,0,0,0,0,0,0,145,31.3,LS
460,Jordan Whitehead,17,0,0,42,99.3,0,2,0,0,0,2022,25,NYJ,17,17,0,0,0,,0,0,,0,0,0,0,0,,0,0,0,,0,0,58,31,89,4,0,2,5,0,8,0,0,0,0,0,0,0,0,5,0,42,23,54.8,301,13.1,7.2,3,81.5,10.7,167,134,5,0,0,0,0,8,8.2,0,0,1130,99.3,27,5.9,FS
461,Kyzir White,17,1.5,0,65,76.3,0,0,0,0,0,2022,26,PHI,17,8,0,0,0,,0,0,,0,0,0,0,0,,0,0,0,,0,1.5,66,44,110,3,3,0,0,0,7,0,0,0,0,0,0,0,0,0,0,65,42,64.6,288,6.9,4.4,0,74.4,2.4,69,219,20,0,1,0,3,5,4.3,0,0,844,76.3,13,2.9,DB
462,Darious Williams,17,0,0,91,81.1,0,0,0,0,0,2022,29,JAX,17,12,0,0,0,,0,0,,0,0,0,0,0,,0,0,0,,0,0,35,18,53,2,0,0,0,0,16,0,0,0,0,0,0,0,0,0,0,91,46,50.5,455,9.9,5,1,68.7,8.9,187,268,2,1,0,0,1,7,11.7,0,0,943,81.1,64,15.2,LCB
463,Joshua Williams,17,0,0,50,38.1,0,1,0,0,0,2022,23,KAN,17,4,0,0,0,,0,0,,0,0,0,0,0,,0,0,0,,0,0,29,11,40,1,0,1,7,0,7,0,0,0,0,0,0,0,0,7,0,50,28,56,374,13.4,7.5,5,104.9,8.8,256,118,4,1,0,0,1,5,11.1,0,0,437,38.1,215,46.7,DB
464,Donovan Wilson,17,5,0,39,83.7,0,1,0,0,0,2022,27,DAL,17,17,0,0,0,,0,0,,0,0,0,0,0,,0,0,0,,0,5,77,24,101,7,9,1,0,0,2,0,1,0,0,2,0,0,0,0,0,39,20,51.3,166,8.3,4.3,2,69,9.6,96,70,30,3,4,1,12,9,8.2,0,0,960,83.7,47,9.9,FS
465,James Winchester,17,0,0,0,0,0,0,0,0,0,2022,33,KAN,17,0,0,0,0,,0,0,,0,0,0,0,0,,0,0,0,,0,0,1,0,1,0,0,0,0,0,0,0,0,0,0,0,0,0,0,0,0,0,0,,0,,,0,,,0,0,1,0,0,0,0,0,0,0,0,0,0,143,31.1,LS
466,Andrew Wingard,17,0,0,9,18.7,0,1,0,0,0,2022,26,JAX,17,3,0,0,0,,0,0,,0,0,0,0,0,,0,0,0,,0,0,27,10,37,2,1,1,13,0,1,0,0,0,0,1,0,0,0,13,0,9,5,55.6,38,7.6,4.2,0,26.4,8.6,30,8,7,2,1,0,3,1,2.6,0,0,217,18.7,268,63.5,S
467,Zach Wood,17,0,0,0,0,0,0,0,0,0,2022,29,NOR,17,0,0,0,0,,0,0,,0,0,0,0,0,,0,0,0,,0,0,2,2,4,0,0,0,0,0,0,0,0,0,0,0,0,0,0,0,0,0,0,,0,,,0,,,0,0,0,0,0,0,0,0,0,0,0,0,0,141,31.5,LS
468,Riq Woolen,17,0,0,66,98.1,1,6,0,0,0,2022,23,SEA,17,17,1,0,0,,0,0,,0,0,6,0,0,,0,0,0,,0,0,46,17,63,1,0,6,47,1,16,1,3,8,0,0,0,0,0,55,0,66,34,51.5,419,12.3,6.3,3,48.7,13.5,292,127,1,0,0,0,0,5,7.4,0,0,1134,98.1,118,25.3,CB
,,,,,,,,,,,,,,,,,,,,,,,,,,,,,,,,,,,,,,,,,,,,,,,,,,,,,,,,,,,,,,,,,,,,,,,,,,,,,,,