,,,,,,,,,,,,,,,,PAT,,,FG,,,,,,,Tackles,,,,,Def Interceptions,,,,Fumbles,,,,,Pass Coverage,,,,,,,,,,,Pass Rush,,,,,Tackles,,Snap Counts,,,Snap Counts,,,
Rk,Player,G,Sk,Pts,Sfty,Tgt,Def%,Fmb,Int,Season,Age,Team,G,GS,TD,XPM,XPA,XP%,FGM,FGA,FG%,2PM,Sfty,Pts,Sk,Solo,Ast,Comb,TFL,QBHits,Int,Yds,IntTD,PD,Fmb,FR,Yds,FRTD,FF,Tgt,Cmp,Cmp%,Yds,Yds/Cmp,Yds/Tgt,TD,Rat,DADOT,Air,YAC,Bltz,Hrry,QBKD,Bats,Prss,MTkl,MTkl%,OffSnp,Off%,DefSnp,Def%,STSnp,ST %,Pos
1,Genard Avery,1,0,0,0,0,0.2,0,0,2024,29,IND,1,0,0,0,0,,0,0,,0,0,0,0,0,0,0,0,0,0,0,0,0,0,0,0,0,0,0,0,,0,,,0,,,0,0,0,0,0,0,0,0,,0,0,2,0.2,0,0,DE
2,Angelo Blackson,1,0,0,0,0,2.2,0,0,2024,32,ARI,1,0,0,0,0,,0,0,,0,0,0,0,1,0,1,0,0,0,0,0,0,0,0,0,0,0,0,0,,0,,,0,,,0,0,0,1,0,0,1,0,0,0,0,24,2.2,0,0,DL
3,Quinton Bohanna,1,0,0,0,0,0.6,0,0,2024,25,SEA,1,0,0,0,0,,0,0,,0,0,0,0,0,0,0,0,0,0,0,0,0,0,0,0,0,0,0,0,,0,,,0,,,0,0,0,0,0,0,0,0,,0,0,7,0.6,0,0,DT
4,Derrick Brown,1,0,0,0,0,4.9,0,0,2024,26,CAR,1,1,0,0,0,,0,0,,0,0,0,0,1,2,3,0,0,0,0,0,0,0,0,0,0,0,0,0,,0,,,0,,,0,0,0,0,0,0,0,0,0,0,0,60,4.9,8,1.7,DE
5,Solomon Byrd,1,0,0,0,0,1.8,0,0,2024,25,HOU,1,0,0,0,0,,0,0,,0,0,0,0,2,0,2,0,1,0,0,0,1,0,0,0,0,0,0,0,,0,,,0,,,0,0,0,0,1,1,1,0,0,0,0,20,1.8,1,0.2,DE
6,Kameron Cline,1,0,0,0,0,0,0,0,2024,26,BUF,1,0,0,0,0,,0,0,,0,0,0,0,0,0,0,0,0,0,0,0,0,0,0,0,0,0,0,0,,0,,,0,,,0,0,0,0,0,0,0,0,,0,0,0,0,17,3.8,DE
7,DJ Coleman,1,0,0,0,1,0.9,0,0,2024,26,JAX,1,0,0,0,0,,0,0,,0,0,0,0,1,2,3,0,0,0,0,0,0,0,0,0,0,0,1,1,100,7,7,7,0,95.8,-1,-1,8,0,0,0,0,0,0,0,0,0,11,0.9,4,0.9,DE
8,Branson Deen,1,0,0,0,0,0.8,0,0,2024,24,BUF,1,0,0,0,0,,0,0,,0,0,0,0,0,0,0,0,0,0,0,0,0,0,0,0,0,0,0,0,,0,,,0,,,0,0,0,0,0,0,0,1,100,0,0,9,0.8,6,1.3,DT
9,Michael Dwumfour,1,0,0,0,0,0.5,0,0,2024,26,CLE,1,0,0,0,0,,0,0,,0,0,0,0,0,0,0,0,0,0,0,0,0,0,0,0,0,0,0,0,,0,,,0,,,0,0,0,0,0,0,0,0,,0,0,5,0.5,1,0.2,DT
10,Kingsley Jonathan,1,0,0,0,0,0.6,0,0,2024,26,BUF,1,0,0,0,0,,0,0,,0,0,0,0,0,0,0,0,1,0,0,0,0,0,0,0,0,0,0,0,,0,,,0,,,0,0,0,0,1,0,1,0,,0,0,7,0.6,13,2.9,DE
11,Truman Jones,1,0,0,0,0,1.7,0,0,2024,24,NWE,1,0,0,0,0,,0,0,,0,0,0,0,2,0,2,0,0,0,0,0,0,0,0,0,0,0,0,0,,0,,,0,,,0,0,0,0,0,0,0,0,0,0,0,19,1.7,7,1.6,DE
12,Jamie Sheriff,1,0,0,0,0,1.4,0,0,2024,24,CAR,1,0,0,0,0,,0,0,,0,0,0,0,0,0,0,0,0,0,0,0,0,0,0,0,0,0,0,0,,0,,,0,,,0,0,5,0,0,0,0,0,,0,0,17,1.4,11,2.3,DE
13,Kendal Vickers,1,0,0,0,0,1.8,0,0,2024,29,NOR,1,0,0,0,0,,0,0,,0,0,0,0,1,1,2,0,0,0,0,0,0,0,0,0,0,0,0,0,,0,,,0,,,0,0,0,0,0,0,0,0,0,0,0,21,1.8,0,0,DT
14,Cameron Young,1,0,0,0,0,0.2,0,0,2024,24,SEA,1,0,0,0,0,,0,0,,0,0,0,0,0,0,0,0,0,0,0,0,0,0,0,0,0,0,0,0,,0,,,0,,,0,0,0,0,0,0,0,0,,0,0,2,0.2,1,0.2,NT
15,Eli Ankou,2,0,0,0,0,3.1,0,0,2024,30,BUF,2,0,0,0,0,,0,0,,0,0,0,0,1,4,5,0,0,0,0,0,0,0,0,0,0,0,0,0,,0,,,0,,,0,0,0,0,0,0,0,0,0,0,0,34,3.1,0,0,DT
16,Marcus Davenport,2,0.5,0,0,0,8.1,0,0,2024,28,DET,2,1,0,0,0,,0,0,,0,0,0,0.5,1,1,2,0,4,0,0,0,0,0,0,0,0,0,0,0,,0,,,0,,,0,0,0,2,3,0,6,0,0,0,0,89,8.1,10,2.2,DL
17,Brandon Dorlus,2,0,0,0,0,1.7,0,0,2024,23,ATL,2,0,0,0,0,,0,0,,0,0,0,0,1,2,3,0,0,0,0,0,0,0,0,0,0,0,0,0,,0,,,0,,,0,0,0,0,0,0,0,0,0,0,0,19,1.7,6,1.3,DT
18,Leki Fotu,2,0,0,0,0,4,0,0,2024,26,NYJ,2,1,0,0,0,,0,0,,0,0,0,0,1,2,3,0,0,0,0,0,0,0,0,0,0,0,0,0,,0,,,0,,,0,0,0,0,0,0,0,0,0,0,0,46,4,20,4.6,DT
19,Trysten Hill,2,0,0,0,0,1.3,0,0,2024,26,NWE,2,0,0,0,0,,0,0,,0,0,0,0,0,0,0,0,0,0,0,0,0,0,0,0,0,0,0,0,,0,,,0,,,0,0,0,0,0,0,0,0,,0,0,14,1.3,1,0.2,DT
20,Andre Jones,2,0,0,0,0,1.6,0,0,2024,26,WAS,2,0,0,0,0,,0,0,,0,0,0,0,1,0,1,0,0,0,0,0,0,0,0,0,0,0,0,0,,0,,,0,,,0,0,0,0,0,0,0,0,0,0,0,17,1.6,0,0,DE
21,Zion Logue,2,0,0,0,0,3.3,0,0,2024,23,BUF,2,0,0,0,0,,0,0,,0,0,0,0,2,0,2,0,0,0,0,0,0,0,0,0,0,0,0,0,,0,,,0,,,0,0,0,0,0,0,0,0,0,0,0,36,3.3,6,1.3,DT
22,Brodric Martin,2,0,0,0,0,2.3,0,0,2024,25,DET,2,1,0,0,0,,0,0,,0,0,0,0,0,1,1,0,0,0,0,0,0,0,0,0,0,0,0,0,,0,,,0,,,0,0,0,0,0,0,0,0,0,0,0,25,2.3,0,0,DL
23,T.Y. McGill,2,0,0,0,0,1.1,0,0,2024,32,"CLE,SFO",2,0,0,0,0,,0,0,,0,0,0,0,1,2,3,0,1,0,0,0,0,0,0,0,0,0,0,0,,0,,,0,,,0,0,0,0,1,0,1,0,0,0,0,23,1.1,0,0,DT
24,Levi Drake Rodriguez,2,0,0,0,1,0.5,0,0,2024,24,MIN,2,0,0,0,0,,0,0,,0,0,0,0,1,0,1,0,0,0,0,0,1,0,0,0,0,0,1,0,0,0,,0,0,39.6,13,0,0,0,0,0,0,0,0,0,0,0,6,0.5,11,2.4,DL
25,Casey Rogers,2,0,0,0,0,3,0,0,2024,26,NYG,2,0,0,0,0,,0,0,,0,0,0,0,0,0,0,0,0,0,0,0,0,0,0,0,0,0,0,0,,0,,,0,,,0,0,0,0,0,0,0,0,,0,0,33,3,9,2,DL
26,Elerson Smith,2,0,0,0,0,1.8,0,0,2024,26,CLE,2,0,0,0,0,,0,0,,0,0,0,0,1,1,2,0,0,0,0,0,0,0,0,0,0,0,0,0,,0,,,0,,,0,0,0,1,0,0,1,0,0,0,0,20,1.8,12,2.6,DE
27,Isaiah Thomas,2,0,0,0,0,4.2,0,0,2024,26,DET,2,0,0,0,0,,0,0,,0,0,0,0,0,3,3,0,0,0,0,0,0,0,1,0,0,0,0,0,,0,,,0,,,0,0,0,0,0,0,0,1,25,0,0,46,4.2,0,0,DL
28,Marlon Tuipulotu,2,0,0,0,0,5.6,0,0,2024,25,KAN,2,1,0,0,0,,0,0,,0,0,0,0,2,2,4,1,0,0,0,0,0,0,0,0,0,0,0,0,,0,,,0,,,0,0,0,0,0,0,0,0,0,0,0,61,5.6,7,1.6,DT
29,Isaac Ukwu,2,0,0,0,0,6.4,0,0,2024,25,DET,2,1,0,0,0,,0,0,,0,0,0,0,2,1,3,0,0,0,0,0,0,0,0,0,0,0,0,0,,0,,,0,,,0,0,0,2,0,0,2,0,0,0,0,70,6.4,2,0.4,DL
30,Chris Wormley,2,0,0,0,0,2.9,0,0,2024,31,BAL,2,0,0,0,0,,0,0,,0,0,0,0,1,3,4,0,0,0,0,0,0,0,0,0,0,0,0,0,,0,,,0,,,0,0,0,1,0,0,0,1,20,0,0,33,2.9,8,1.7,DL
31,Alex Barrett,3,0,0,0,0,2.2,0,0,2024,30,SFO,3,0,0,0,0,,0,0,,0,0,0,0,2,0,2,0,0,0,0,0,0,0,0,0,0,0,0,0,,0,,,0,,,0,0,1,0,0,0,0,1,33.3,0,0,24,2.2,64,14.2,DL
32,Earnest Brown IV,3,0,0,0,0,1.9,0,0,2024,25,TAM,3,0,0,0,0,,0,0,,0,0,0,0,0,0,0,0,0,0,0,0,0,0,0,0,0,0,0,0,,0,,,0,,,0,0,0,0,0,0,0,0,,0,0,21,1.9,0,0,DE
33,Andre Carter II,3,0.5,0,0,1,1.4,0,0,2024,24,LVR,3,0,0,0,0,,0,0,,0,0,0,0.5,0,1,1,0,1,0,0,0,0,0,0,0,0,0,1,0,0,0,,0,0,39.6,-3,0,0,0,1,0,0,2,0,0,0,0,16,1.4,7,1.5,DE
34,Carl Davis,3,0,0,0,0,4,0,0,2024,32,WAS,3,0,0,0,0,,0,0,,0,0,0,0,1,2,3,0,0,0,0,0,0,0,0,0,0,0,0,0,,0,,,0,,,0,0,0,0,0,0,0,0,0,0,0,43,4,15,3.2,DE
35,Joe Gaziano,3,0,0,0,0,3.2,0,0,2024,28,JAX,3,0,0,0,0,,0,0,,0,0,0,0,2,1,3,0,0,0,0,0,0,0,0,0,0,0,0,0,,0,,,0,,,0,0,0,1,0,0,1,1,25,0,0,38,3.2,18,4.1,DE
36,Mike Greene,3,0,0,0,0,5.2,0,0,2024,25,TAM,3,0,0,0,0,,0,0,,0,0,0,0,0,2,2,0,0,0,0,0,0,0,0,0,0,0,0,0,,0,,,0,,,0,0,0,1,0,0,1,0,0,0,0,58,5.2,2,0.4,DL
37,Javon Hargrave,3,1,0,0,0,9.7,0,0,2024,31,SFO,3,3,0,0,0,,0,0,,0,0,0,1,4,3,7,1,1,0,0,0,0,0,0,0,0,0,0,0,,0,,,0,,,0,0,0,2,0,0,3,0,0,0,0,104,9.7,1,0.2,DL
38,James Houston,3,0,0,0,0,2.3,0,0,2024,26,CLE,3,0,0,0,0,,0,0,,0,0,0,0,0,0,0,0,0,0,0,0,0,0,0,0,0,0,0,0,,0,,,0,,,0,0,0,0,0,0,0,0,,0,0,25,2.3,11,2.4,DE
39,Justin Jones,3,0,0,0,1,9.2,0,0,2024,28,ARI,3,3,0,0,0,,0,0,,0,0,0,0,3,1,4,1,1,0,0,0,0,0,1,0,0,0,1,0,0,0,,0,0,39.6,-8,0,0,0,0,1,0,1,1,20,0,0,100,9.2,7,1.6,DL
40,Tanoh Kpassagnon,3,0,0,0,1,6.2,0,0,2024,30,NOR,3,0,0,0,0,,0,0,,0,0,0,0,1,0,1,0,1,0,0,0,0,0,0,0,0,0,1,1,100,11,11,11,0,112.5,-6,-6,17,0,0,1,0,1,2,66.7,0,0,73,6.2,14,3.1,DE
41,Sam Roberts,3,0,0,0,0,2,0,0,2024,26,CAR,3,0,0,0,0,,0,0,,0,0,0,0,0,1,1,0,0,0,0,0,0,0,0,0,0,0,0,0,,0,,,0,,,0,0,0,0,0,0,0,0,0,0,0,24,2,7,1.5,DT
42,T.J. Smith,3,0,0,0,0,4.5,0,0,2024,27,CAR,3,0,0,0,0,,0,0,,0,0,0,0,0,2,2,0,0,0,0,0,0,0,0,0,0,0,0,0,,0,,,0,,,0,0,0,1,0,0,1,0,0,0,0,55,4.5,19,4,DT
43,Josh Tupou,3,1,0,0,0,5.4,0,0,2024,30,BAL,3,0,0,0,0,,0,0,,0,0,0,1,3,0,3,1,1,0,0,0,0,0,0,0,0,0,0,0,,0,,,0,,,0,0,0,0,0,0,1,0,0,0,0,61,5.4,1,0.2,NT
44,Abdullah Anderson,4,0,0,0,0,3.6,0,0,2024,28,TEN,4,0,0,0,0,,0,0,,0,0,0,0,0,0,0,0,0,0,0,0,0,0,0,0,0,0,0,0,,0,,,0,,,0,0,0,0,0,0,0,0,,0,0,38,3.6,0,0,DL
45,Christian Barmore,4,1,0,0,1,11,0,0,2024,25,NWE,4,0,0,0,0,,0,0,,0,0,0,1,6,0,6,1,1,0,0,0,0,0,0,0,0,0,1,1,100,7,7,7,0,95.8,-1,-1,8,0,0,0,0,1,0,0,0,0,123,11,1,0.2,DT
46,Matt Dickerson,4,0,0,0,0,1.4,0,0,2024,29,MIA,4,0,0,0,0,,0,0,,0,0,0,0,0,0,0,0,0,0,0,0,0,0,0,0,0,0,0,0,,0,,,0,,,0,0,0,0,0,0,0,0,,0,0,15,1.4,1,0.2,DE
47,Cory Durden,4,0,0,0,0,7.7,0,0,2024,25,NYG,4,0,0,0,0,,0,0,,0,0,0,0,4,6,10,1,0,0,0,0,0,0,0,0,0,0,0,0,,0,,,0,,,0,0,0,0,0,0,0,0,0,0,0,84,7.7,18,4.1,NT
48,Jonathan Ford,4,0,0,0,0,7.2,0,0,2024,25,CHI,4,0,0,0,0,,0,0,,0,0,0,0,3,6,9,1,0,0,0,0,0,0,0,0,0,0,0,0,,0,,,0,,,0,0,0,0,0,0,0,0,0,0,0,77,7.2,0,0,DL
49,Lawrence Guy,4,0,0,0,0,8,0,0,2024,34,CIN,4,2,0,0,0,,0,0,,0,0,0,0,0,2,2,0,0,0,0,0,0,0,0,0,0,0,0,0,,0,,,0,,,0,0,0,0,0,0,0,1,33.3,0,0,91,8,24,5.2,DT
50,Charles Harris,4,0,0,0,0,5,0,0,2024,29,PHI,4,0,0,0,0,,0,0,,0,0,0,0,1,2,3,0,0,0,0,0,0,0,0,0,0,0,0,0,,0,,,0,,,0,0,0,0,0,0,0,0,0,0,0,52,5,13,2.9,DE
51,K.J. Henry,4,1,0,0,0,2.3,0,0,2024,25,"CIN,DAL",4,0,0,0,0,,0,0,,0,0,0,1,1,2,3,1,1,0,0,0,0,0,0,0,0,0,0,0,,0,,,0,,,0,0,0,0,0,0,1,0,0,0,0,51,2.3,22,2.3,DE
52,DeMarcus Lawrence,4,3,0,0,0,15.1,0,0,2024,32,DAL,4,4,0,0,0,,0,0,,0,0,0,3,7,7,14,4,5,0,0,0,0,0,0,0,0,1,0,0,,0,,,0,,,0,0,0,4,3,0,10,3,17.6,0,0,167,15.1,0,0,DE
53,Esezi Otomewo,4,0.5,0,0,0,7.5,0,0,2024,26,JAX,4,2,0,0,0,,0,0,,0,0,0,0.5,0,4,4,0,2,0,0,0,0,0,1,0,0,0,0,0,,0,,,0,,,0,0,0,1,1,0,3,0,0,0,0,90,7.5,43,9.7,DT
54,Jayden Peevy,4,1.5,0,0,0,6.9,0,0,2024,25,CAR,4,0,0,0,0,,0,0,,0,0,0,1.5,2,4,6,1,3,0,0,0,1,0,0,0,0,1,0,0,,0,,,0,,,0,0,0,0,2,1,4,0,0,0,0,84,6.9,29,6.1,DT
55,Eyioma Uwazurike,4,0.5,0,0,0,5.5,0,0,2024,26,DEN,4,0,0,0,0,,0,0,,0,0,0,0.5,3,8,11,0,1,0,0,0,0,0,0,0,0,0,0,0,,0,,,0,,,0,0,0,0,0,0,1,1,8.3,0,0,63,5.5,21,4.4,DL
56,Alex Wright,4,1,2,1,3,9.5,0,0,2024,24,CLE,4,0,0,0,0,,0,0,,0,1,2,1,5,3,8,1,1,0,0,0,0,0,0,0,0,0,3,2,66.7,22,11,7.3,0,88.2,-2,-6,28,0,0,0,0,1,1,11.1,0,0,103,9.5,17,3.7,DE
57,Jaden Crumedy,5,0.5,0,0,0,9.9,0,0,2024,24,CAR,5,0,0,0,0,,0,0,,0,0,0,0.5,4,9,13,0,1,0,0,0,0,0,0,0,0,0,0,0,,0,,,0,,,0,0,0,0,0,0,1,1,7.1,0,0,121,9.9,27,5.6,DT
58,Jamin Davis,5,0,0,0,2,7.9,0,0,2024,26,WAS,5,0,0,0,0,,0,0,,0,0,0,0,8,5,13,1,0,0,0,0,0,0,0,0,0,0,2,2,100,13,6.5,6.5,0,93.7,4,8,5,1,0,0,0,0,0,0,0,0,86,7.9,15,3.2,DE
59,Justin Eboigbe,5,0,0,0,0,2.4,0,0,2024,23,LAC,5,0,0,0,0,,0,0,,0,0,0,0,1,1,2,0,0,0,0,0,0,0,0,0,0,0,0,0,,0,,,0,,,0,0,0,0,0,0,0,0,0,0,0,26,2.4,27,5.8,DL
60,Elijah Garcia,5,0,0,0,0,13.1,0,0,2024,26,NYG,5,3,0,0,0,,0,0,,0,0,0,0,5,9,14,2,1,0,0,0,0,0,1,0,0,0,0,0,,0,,,0,,,0,0,0,0,1,0,1,0,0,0,0,143,13.1,20,4.5,DL
61,Adam Gotsis,5,0,0,0,1,6.1,0,0,2024,32,IND,5,0,0,0,0,,0,0,,0,0,0,0,4,4,8,0,2,0,0,0,0,0,0,0,0,0,1,1,100,0,0,0,0,79.2,-6,-6,6,0,0,2,0,2,2,20,0,0,71,6.1,81,17.3,DT
62,Aidan Hutchinson,5,7.5,0,0,3,25.5,0,0,2024,24,DET,5,5,0,0,0,,0,0,,0,0,0,7.5,12,7,19,7,17,0,0,0,0,0,0,0,0,1,3,2,66.7,29,14.5,9.7,0,97.9,-0.7,1,28,2,10,9,0,27,2,9.5,0,0,280,25.5,3,0.7,DL
63,DeMarvin Leal,5,0,0,0,0,4.7,0,0,2024,24,PIT,5,0,0,0,0,,0,0,,0,0,0,0,2,2,4,0,1,0,0,0,0,0,0,0,0,0,0,0,,0,,,0,,,0,0,2,1,1,0,2,0,0,0,0,51,4.7,26,5.7,DE
64,Kyle Peko,5,0,0,0,0,7.8,0,0,2024,31,DET,5,1,0,0,0,,0,0,,0,0,0,0,1,1,2,1,2,0,0,0,0,0,0,0,0,0,0,0,,0,,,0,,,0,0,0,0,2,0,2,0,0,0,0,86,7.8,9,2,DL
65,Chris Smith,5,0,0,0,0,4.3,0,0,2024,25,DET,5,0,0,0,0,,0,0,,0,0,0,0,0,2,2,0,1,0,0,0,0,0,0,0,0,0,0,0,,0,,,0,,,0,0,0,0,1,0,1,1,33.3,0,0,47,4.3,3,0.7,DL
66,Armon Watts,5,0,0,0,0,7.9,0,0,2024,28,NYG,5,0,0,0,0,,0,0,,0,0,0,0,3,4,7,2,0,0,0,0,0,0,0,0,0,0,0,0,,0,,,0,,,0,0,0,2,0,0,2,0,0,0,0,87,7.9,8,1.8,DT
67,Christian Wilkins,5,2,0,0,1,22.2,0,0,2024,29,LVR,5,5,0,0,0,,0,0,,0,0,0,2,11,6,17,2,6,0,0,0,0,0,0,0,0,0,1,1,100,4,4,4,0,83.3,-7,-7,11,0,1,3,0,7,2,10.5,0,0,247,22.2,31,6.5,DT
68,Khristian Boyd,6,0,0,0,0,6.3,0,0,2024,24,NOR,6,0,0,0,0,,0,0,,0,0,0,0,2,1,3,0,0,0,0,0,0,0,0,0,0,0,0,0,,0,,,0,,,0,0,0,0,0,0,0,0,0,0,0,74,6.3,0,0,DT
69,Jowon Briggs,6,0,0,0,1,12.3,0,0,2024,23,CLE,6,0,0,0,0,,0,0,,0,0,0,0,3,10,13,1,2,0,0,0,0,0,1,0,0,0,1,1,100,12,12,12,0,116.7,6,6,6,0,0,2,0,2,1,7.1,0,0,133,12.3,30,6.5,DT
70,Bruce Hector,6,1,0,0,0,10.3,0,0,2024,30,NYJ,6,0,0,0,0,,0,0,,0,0,0,1,4,6,10,3,1,0,0,0,0,0,0,0,0,0,0,0,,0,,,0,,,0,0,0,0,0,0,1,0,0,0,0,118,10.3,13,3,DL
71,Bilal Nichols,6,0,0,0,0,16,0,0,2024,28,ARI,6,5,0,0,0,,0,0,,0,0,0,0,6,4,10,1,1,0,0,0,0,0,0,0,0,0,0,0,,0,,,0,,,0,0,0,0,1,0,1,2,16.7,0,0,174,16,19,4.3,DL
72,Efe Obada,6,0,0,0,0,7.8,0,0,2024,32,WAS,6,0,0,0,0,,0,0,,0,0,0,0,2,2,4,0,0,0,0,0,0,0,0,0,0,0,0,0,,0,,,0,,,0,0,0,0,0,0,0,0,0,0,0,84,7.8,5,1.1,DE
73,Charles Omenihu,6,1,0,0,0,20.8,0,0,2024,27,KAN,6,1,0,0,0,,0,0,,0,0,0,1,4,2,6,0,1,0,0,0,0,0,0,0,0,1,0,0,,0,,,0,,,0,0,0,2,1,0,4,2,25,0,0,225,20.8,0,0,DE
74,Darius Robinson,6,1,0,0,0,16.8,0,0,2024,23,ARI,6,0,0,0,0,,0,0,,0,0,0,1,4,6,10,1,1,0,0,0,0,0,0,0,0,0,0,0,,0,,,0,,,0,0,1,0,0,0,1,0,0,0,0,183,16.8,0,0,DL
75,Dominique Robinson,6,0,0,0,0,7.9,0,0,2024,26,CHI,6,1,0,0,0,,0,0,,0,0,0,0,4,3,7,0,1,0,0,0,0,0,0,0,0,0,0,0,,0,,,0,,,0,0,0,1,1,0,2,0,0,0,0,84,7.9,63,14.4,DL
76,Jaquelin Roy,6,2,0,0,0,12.6,0,0,2024,24,NWE,6,1,0,0,0,,0,0,,0,0,0,2,12,5,17,3,2,0,0,0,0,0,0,0,0,0,0,0,,0,,,0,,,0,0,0,0,0,0,2,1,5.6,0,0,141,12.6,4,0.9,DT
77,Ben Stille,6,1,0,0,0,5.4,0,0,2024,27,"ARI,TAM",6,0,0,0,0,,0,0,,0,0,0,1,1,3,4,1,1,0,0,0,1,0,1,0,0,0,0,0,,0,,,0,,,0,0,0,0,0,1,1,1,20,0,0,120,5.4,8,0.9,DL
78,Josh Uche,6,0,0,0,4,8,0,0,2024,26,KAN,6,0,0,0,0,,0,0,,0,0,0,0,7,3,10,0,0,0,0,0,0,0,0,0,0,0,4,3,75,20,6.7,5,0,85.4,-1,-9,29,7,1,0,0,1,0,0,0,0,87,8,40,9.3,DE
79,Myles Adams,7,1,0,0,0,3.7,0,0,2024,26,"DET,SEA",7,0,0,0,0,,0,0,,0,0,0,1,4,3,7,1,2,0,0,0,0,0,0,0,0,0,0,0,,0,,,0,,,0,0,0,1,1,0,3,0,0,0,0,82,3.7,12,1.3,DL
80,Matthew Butler,7,0,0,0,1,9.1,0,0,2024,25,LVR,7,1,0,0,0,,0,0,,0,0,0,0,4,5,9,0,0,0,0,0,0,0,0,0,0,0,1,0,0,11,,11,0,72.9,6,6,5,0,0,0,0,0,0,0,0,0,101,9.1,27,5.7,DT
81,Brenton Cox,7,4,0,0,1,14.7,0,0,2024,24,GNB,7,0,0,0,0,,0,0,,0,0,0,4,8,4,12,5,7,0,0,0,0,0,0,0,0,1,1,1,100,0,0,0,0,79.2,0,0,0,0,1,3,0,8,0,0,0,0,160,14.7,40,9,DL
82,Neil Farrell,7,0,0,0,0,6.1,0,0,2024,26,MIA,7,0,0,0,0,,0,0,,0,0,0,0,1,1,2,0,1,0,0,0,0,0,0,0,0,0,0,0,,0,,,0,,,0,0,0,1,1,0,2,0,0,0,0,65,6.1,0,0,DT
83,Jonathan Harris,7,0,0,0,1,10.9,0,0,2024,28,CAR,7,0,0,0,0,,0,0,,0,0,0,0,4,6,10,1,1,0,0,0,0,0,1,0,0,0,1,0,0,0,,0,0,39.6,-1,0,0,0,0,1,0,1,1,9.1,0,0,133,10.9,25,5.2,DE
84,Jerry Hughes,7,0,0,0,1,8.4,0,0,2024,36,HOU,7,0,0,0,0,,0,0,,0,0,0,0,3,2,5,0,0,0,0,0,0,0,0,0,0,0,1,1,100,33,33,33,0,118.7,-7,-7,40,0,0,0,0,0,0,0,0,0,92,8.4,1,0.2,DE
85,Nesta Jade Silvera,7,0,0,0,0,6.3,0,0,2024,24,LVR,7,0,0,0,0,,0,0,,0,0,0,0,2,6,8,0,0,0,0,0,0,0,0,0,0,0,0,0,,0,,,0,,,0,0,0,0,0,0,0,1,11.1,0,0,70,6.3,46,9.7,DT
86,Braiden McGregor,7,0,0,0,0,7.2,0,0,2024,23,NYJ,7,0,0,0,0,,0,0,,0,0,0,0,3,3,6,0,0,0,0,0,0,0,0,0,0,0,0,0,,0,,,0,,,0,0,0,0,0,0,0,0,0,0,0,83,7.2,35,8.1,DE
87,Takkarist McKinley,7,0.5,0,0,0,11.3,0,0,2024,29,NYJ,7,0,0,0,0,,0,0,,0,0,0,0.5,4,5,9,1,2,0,0,0,0,0,0,0,0,0,0,0,,0,,,0,,,0,0,0,0,1,0,2,1,10,0,0,130,11.3,8,1.9,DL
88,Sheldon Rankins,7,1,0,0,0,25.3,0,0,2024,30,CIN,7,7,0,0,0,,0,0,,0,0,0,1,10,8,18,1,1,0,0,0,0,0,0,0,0,0,0,0,,0,,,0,,,0,0,0,1,0,0,2,3,14.3,0,0,288,25.3,16,3.5,DT
89,Taki Taimani,7,0,0,0,0,6.2,0,0,2024,25,MIN,7,0,0,0,0,,0,0,,0,0,0,0,1,2,3,0,0,0,0,0,0,0,0,0,0,0,0,0,,0,,,0,,,0,0,0,0,0,0,0,0,0,0,0,70,6.2,34,7.6,DL
90,Jonathan Allen,8,3,0,0,0,27.8,0,0,2024,29,WAS,8,7,0,0,0,,0,0,,0,0,0,3,16,3,19,3,7,0,0,0,0,0,0,0,0,0,0,0,,0,,,0,,,0,0,0,1,4,0,8,1,5,0,0,301,27.8,6,1.3,DT
91,Andrew Billings,8,1,0,0,0,27.9,0,0,2024,29,CHI,8,8,0,0,0,,0,0,,0,0,0,1,9,4,13,2,3,0,0,0,0,0,0,0,0,1,0,0,,0,,,0,,,0,0,0,4,2,0,7,1,7.1,0,0,298,27.9,32,7.3,LDT
92,Myles Cole,8,0,0,0,0,11.3,0,0,2024,24,JAX,8,0,0,0,0,,0,0,,0,0,0,0,4,4,8,1,0,0,0,0,0,0,0,0,0,0,0,0,,0,,,0,,,0,0,0,0,0,0,0,3,27.3,0,0,135,11.3,1,0.2,DE
93,Kevin Givens,8,3.5,0,0,0,17.3,0,0,2024,27,SFO,8,1,0,0,0,,0,0,,0,0,0,3.5,6,5,11,2,6,0,0,0,0,0,0,0,0,0,0,0,,0,,,0,,,0,0,0,1,2,0,7,1,8.3,0,0,185,17.3,21,4.7,DL
94,Michael Hall,8,1,0,0,1,21.4,0,0,2024,21,CLE,8,3,0,0,0,,0,0,,0,0,0,1,8,6,14,3,6,0,0,0,0,0,0,0,0,0,1,1,100,8,8,8,0,100,-3,-3,11,4,6,4,0,11,0,0,0,0,232,21.4,33,7.1,DT
95,Maurice Hurst Jr.,8,0.5,0,0,0,15.1,0,0,2024,29,CLE,8,2,0,0,0,,0,0,,0,0,0,0.5,9,7,16,4,1,0,0,0,0,0,0,0,0,0,0,0,,0,,,0,,,0,0,0,0,0,0,1,0,0,0,0,164,15.1,39,8.4,DT
96,Jordan Jefferson,8,1,0,0,0,12.6,0,0,2024,23,JAX,8,0,0,0,0,,0,0,,0,0,0,1,5,7,12,1,1,0,0,0,1,0,0,0,0,0,0,0,,0,,,0,,,0,0,0,0,0,1,1,0,0,0,0,151,12.6,0,0,DT
97,Ruke Orhorhoro,8,0,0,0,0,13.3,0,0,2024,23,ATL,8,0,0,0,0,,0,0,,0,0,0,0,4,7,11,1,1,0,0,0,0,0,0,0,0,0,0,0,,0,,,0,,,0,0,0,1,1,0,2,0,0,0,0,148,13.3,19,4.3,DT
98,Brandon Pili,8,0,0,0,0,6.5,0,0,2024,25,MIA,8,0,0,0,0,,0,0,,0,0,0,0,1,1,2,0,0,0,0,0,0,0,0,0,0,0,0,0,,0,,,0,,,0,0,0,0,0,0,0,0,0,0,0,69,6.5,2,0.5,DT
99,Tommy Togiai,8,1.5,0,0,1,22.7,0,0,2024,25,HOU,8,0,0,0,0,,0,0,,0,0,0,1.5,11,17,28,2,2,0,0,0,2,0,0,0,0,0,1,1,100,-1,-1,-1,0,79.2,-5,-5,4,0,1,0,1,3,3,9.7,0,0,249,22.7,17,3.6,DT
100,Tyrus Wheat,8,0.5,0,0,0,14.9,0,0,2024,25,DAL,8,0,0,0,0,,0,0,,0,0,0,0.5,6,8,14,1,1,0,0,0,0,0,0,0,0,0,0,0,,0,,,0,,,0,0,0,4,1,0,6,1,6.7,0,0,165,14.9,46,9.5,DE
101,Demone Harris,9,0,0,0,3,19.4,0,0,2024,29,ATL,9,0,0,0,0,,0,0,,0,0,0,0,4,7,11,1,1,0,0,0,1,0,0,0,0,0,3,1,33.3,9,9,3,0,42.4,9.3,-4,13,0,1,1,0,2,0,0,0,0,216,19.4,11,2.5,DL
102,Cedric Johnson,9,1,0,0,0,7.3,0,0,2024,22,CIN,9,0,0,0,0,,0,0,,0,0,0,1,5,2,7,1,4,0,0,0,0,0,0,0,0,0,0,0,,0,,,0,,,0,0,0,1,3,0,5,0,0,0,0,83,7.3,82,17.8,DE
103,Al-Quadin Muhammad,9,3,0,0,3,23.3,0,0,2024,29,DET,9,2,0,0,0,,0,0,,0,0,0,3,8,3,11,4,5,0,0,0,1,0,0,0,0,0,3,1,33.3,3,3,1,0,42.4,4,-2,5,0,3,2,0,8,0,0,0,0,255,23.3,19,4.1,DL
104,Jordan Phillips,9,0,0,0,2,6.5,0,1,2024,32,"BUF,DAL",9,0,0,0,0,,0,0,,0,0,0,0,4,2,6,0,2,1,2,0,1,0,0,0,0,0,2,1,50,13,13,6.5,0,31.2,-3,-6,19,0,3,2,0,5,3,33.3,0,0,143,6.5,0,0,DT
105,Zacch Pickens,9,1,0,0,1,21.3,0,0,2024,24,CHI,9,3,0,0,0,,0,0,,0,0,0,1,8,11,19,1,2,0,0,0,0,0,0,0,0,0,1,1,100,33,33,33,0,118.7,-1,-1,34,0,0,1,0,2,1,5,0,0,228,21.3,42,9.6,DL
106,Preston Smith,9,2.5,0,0,2,28.3,0,0,2024,32,GNB,9,9,0,0,0,,0,0,,0,0,0,2.5,6,13,19,2,4,0,0,0,0,0,0,0,0,0,2,1,50,5,5,2.5,0,56.2,7,5,0,0,7,1,0,11,1,5,0,0,308,28.3,1,0.2,LDE
107,Cameron Thomas,9,1,0,0,0,3.2,0,0,2024,24,"CLE,KAN",9,0,0,0,0,,0,0,,0,0,0,1,6,5,11,4,1,0,0,0,0,0,0,0,0,0,0,0,,0,,,0,,,0,0,0,0,0,0,1,1,8.3,0,0,69,3.2,50,5.6,DE
108,Nick Thurman,9,0,0,0,0,19.7,0,0,2024,29,CAR,9,4,0,0,0,,0,0,,0,0,0,0,6,13,19,1,0,0,0,0,0,0,0,0,0,0,0,0,,0,,,0,,,0,0,0,0,0,0,0,2,9.5,0,0,240,19.7,41,8.6,DT
109,Jonah Williams,9,0,0,0,0,3,0,0,2024,29,"DET,MIN,LAR",9,1,0,0,0,,0,0,,0,0,0,0,1,2,3,1,2,0,0,0,0,0,0,0,0,0,0,0,,0,,,0,,,0,0,0,1,2,0,3,1,25,0,0,99,3,20,1.5,DL
110,Denico Autry,10,3,0,0,1,28.7,0,0,2024,34,HOU,10,2,0,0,0,,0,0,,0,0,0,3,8,5,13,3,6,0,0,0,3,0,0,0,0,0,1,1,100,7,7,7,0,95.8,-4,-4,11,0,3,3,2,9,2,13.3,0,0,314,28.7,23,4.8,DE
111,Ta'Quon Graham,10,0,0,0,0,17.3,0,0,2024,26,ATL,10,0,0,0,0,,0,0,,0,0,0,0,6,6,12,0,1,0,0,0,0,0,0,0,0,0,0,0,,0,,,0,,,0,0,0,1,1,0,2,2,14.3,0,0,193,17.3,42,9.4,DL
112,Kurt Hinish,10,0,0,0,0,21.1,0,0,2024,25,HOU,10,0,0,0,0,,0,0,,0,0,0,0,5,7,12,2,0,0,0,0,0,0,0,0,0,0,0,0,,0,,,0,,,0,0,0,0,0,0,0,2,14.3,0,0,231,21.1,23,4.8,DT
113,Desjuan Johnson,10,1,0,0,0,10.8,0,0,2024,25,LAR,10,0,0,0,0,,0,0,,0,0,0,1,4,8,12,1,1,0,0,0,0,0,0,0,0,0,0,0,,0,,,0,,,0,0,0,0,0,0,1,1,7.7,0,0,120,10.8,7,1.6,DE
114,Isaiah Land,10,0,0,0,0,6.7,0,0,2024,24,IND,10,0,0,0,0,,0,0,,0,0,0,0,1,0,1,1,1,0,0,0,0,0,0,0,0,0,0,0,,0,,,0,,,0,0,0,0,1,0,1,2,66.7,0,0,78,6.7,49,10.4,DE
115,Tyquan Lewis,10,1.5,0,0,0,30.7,0,0,2024,29,IND,10,4,0,0,0,,0,0,,0,0,0,1.5,14,10,24,2,4,0,0,0,0,0,0,0,0,1,0,0,,0,,,0,,,0,0,0,4,2,0,8,5,17.2,0,0,355,30.7,0,0,DE
116,Janarius Robinson,10,0.5,0,0,0,9.8,0,0,2024,25,LVR,10,1,0,0,0,,0,0,,0,0,0,0.5,2,3,5,0,2,0,0,0,1,0,0,0,0,0,0,0,,0,,,0,,,0,0,0,1,1,1,3,1,16.7,0,0,109,9.8,43,9,DE
117,James Smith-Williams,10,1,0,0,6,27.5,0,0,2024,27,ATL,10,5,0,0,0,,0,0,,0,0,0,1,12,12,24,7,2,0,0,0,0,0,0,0,0,0,6,5,83.3,8,1.6,1.3,0,79.2,-2,-14,22,8,0,1,0,2,0,0,0,0,306,27.5,1,0.2,DL
118,Montravius Adams,11,1,0,0,1,17.2,0,0,2024,29,PIT,11,0,0,0,0,,0,0,,0,0,0,1,9,5,14,2,1,0,0,0,0,0,0,0,0,0,1,1,100,4,4,4,0,83.3,3,3,1,0,1,0,0,2,0,0,0,0,188,17.2,19,4.2,DT
119,DeWayne Carter,11,0,0,0,1,28.5,0,0,2024,24,BUF,11,3,0,0,0,,0,0,,0,0,0,0,11,3,14,5,3,0,0,0,1,0,0,0,0,0,1,1,100,-2,-2,-2,0,79.2,-3,-3,1,0,0,2,1,2,0,0,0,0,315,28.5,23,5.2,DT
120,Folorunso Fatukasi,11,1,0,0,2,28.1,0,0,2024,29,HOU,11,11,0,0,0,,0,0,,0,0,0,1,16,8,24,4,3,0,0,0,0,0,0,0,0,0,2,2,100,-3,-1.5,-1.5,0,79.2,-4,-8,5,0,3,2,0,6,1,4,0,0,308,28.1,7,1.5,LDT
121,Brandon Graham,11,3.5,0,0,1,29.7,0,0,2024,36,PHI,11,1,0,0,0,,0,0,,0,0,0,3.5,15,5,20,6,7,0,0,0,2,0,0,0,0,1,1,1,100,5,5,5,0,87.5,-3,-3,8,0,4,3,2,11,5,20,0,0,311,29.7,40,8.9,DE
122,Yetur Gross-Matos,11,4,0,0,1,34.5,0,0,2024,26,SFO,11,0,0,0,0,,0,0,,0,0,0,4,14,5,19,6,7,0,0,0,0,0,0,0,0,0,1,1,100,2,2,2,0,79.2,-7,-7,9,0,3,3,0,10,5,20.8,0,0,368,34.5,53,11.8,DL
123,Eric Johnson,11,0,0,0,0,15.9,0,0,2024,26,NWE,11,0,0,0,0,,0,0,,0,0,0,0,2,15,17,0,0,0,0,0,0,0,0,0,0,0,0,0,,0,,,0,,,0,0,0,0,0,0,0,0,0,0,0,178,15.9,37,8.5,DT
124,Sam Kamara,11,0,0,0,0,25.2,0,0,2024,27,CLE,11,1,0,0,0,,0,0,,0,0,0,0,10,5,15,1,0,0,0,0,0,0,0,0,0,0,0,0,,0,,,0,,,0,0,0,1,0,0,1,0,0,0,0,273,25.2,100,21.5,DE
125,Marshawn Kneeland,11,0,0,0,1,23.2,0,0,2024,23,DAL,11,1,0,0,0,,0,0,,0,0,0,0,9,5,14,2,3,0,0,0,1,0,1,0,0,0,1,1,100,7,7,7,0,95.8,-2,-2,9,2,5,3,0,8,3,17.6,0,0,256,23.2,45,9.3,DE
126,Jacob Martin,11,3,0,0,5,20.8,0,0,2024,29,CHI,11,0,0,0,0,,0,0,,0,0,0,3,9,6,15,3,6,0,0,0,1,0,0,0,0,0,5,2,40,23,11.5,4.6,0,54.6,0.8,3,20,0,2,3,1,8,2,11.8,0,0,222,20.8,206,47.1,DL
127,Michael Pierce,11,2,0,0,2,20.4,0,1,2024,32,BAL,11,1,0,0,0,,0,0,,0,0,0,2,6,13,19,1,4,1,6,0,2,0,0,0,0,0,2,0,0,0,,0,0,0,0.5,0,0,0,5,1,1,9,1,5,0,0,231,20.4,5,1.1,NT
128,Maason Smith,11,3,0,0,1,32.1,0,0,2024,22,JAX,11,5,0,0,0,,0,0,,0,0,0,3,10,7,17,3,4,0,0,0,3,0,0,0,0,0,1,1,100,5,5,5,0,87.5,0,0,5,0,2,1,3,6,0,0,0,0,384,32.1,11,2.5,DT
129,Dawuane Smoot,11,1.5,0,0,1,29.2,0,0,2024,29,BUF,11,4,0,0,0,,0,0,,0,0,0,1.5,12,4,16,5,4,0,0,0,1,0,0,0,0,2,1,1,100,4,4,4,0,83.3,1,1,3,0,3,3,1,8,3,15.8,0,0,322,29.2,28,6.3,DE
130,Mekhi Wingo,11,0,0,0,0,16.1,0,0,2024,21,DET,11,0,0,0,0,,0,0,,0,0,0,0,1,8,9,0,1,0,0,0,0,0,0,0,0,0,0,0,,0,,,0,,,0,0,0,1,1,0,2,0,0,0,0,176,16.1,44,9.5,DL
131,Evan Anderson,12,1,0,0,0,25,0,0,2024,22,SFO,12,1,0,0,0,,0,0,,0,0,0,1,13,11,24,2,2,0,0,0,0,0,1,0,0,1,0,0,,0,,,0,,,0,0,0,0,2,0,3,2,7.7,0,0,267,25,57,12.7,DL
132,C.J. Brewer,12,2,0,0,0,14.3,0,0,2024,27,TAM,12,0,0,0,0,,0,0,,0,0,0,2,7,5,12,3,3,0,0,0,2,0,0,0,0,0,0,0,,0,,,0,,,0,0,0,0,1,2,3,3,20,0,0,160,14.3,13,2.7,DL
133,DeForest Buckner,12,6.5,0,0,0,50,0,0,2024,30,IND,12,11,0,0,0,,0,0,,0,0,0,6.5,24,37,61,8,14,0,0,0,1,0,0,0,0,0,0,0,,0,,,0,,,0,0,0,5,7,1,19,7,10.3,1,0.1,578,50,4,0.9,DT
134,Zachary Carter,12,1.5,0,0,0,11.7,0,0,2024,25,"CIN,LVR",12,2,0,0,0,,0,0,,0,0,0,1.5,10,12,22,0,2,0,0,0,1,0,0,0,0,0,0,0,,0,,,0,,,0,0,0,1,0,1,3,0,0,0,0,263,11.7,30,3.2,DT
135,Maxx Crosby,12,7.5,0,0,2,68.9,0,0,2024,27,LVR,12,12,0,0,0,,0,0,,0,0,0,7.5,28,17,45,17,20,0,0,0,5,0,0,0,0,0,2,1,50,26,26,13,0,95.8,4,12,14,1,15,12,5,35,3,6.3,0,0,768,68.9,44,9.2,RDE
136,D.J. Davidson,12,2,0,0,1,23.9,0,0,2024,25,NYG,12,2,0,0,0,,0,0,,0,0,0,2,12,11,23,2,2,0,0,0,0,0,2,0,0,0,1,1,100,0,0,0,0,79.2,0,0,0,0,1,0,0,3,2,8,0,0,262,23.9,95,21.4,DL
137,Khalil Davis,12,1,0,0,1,9.7,0,0,2024,28,"HOU,SFO",12,0,0,0,0,,0,0,,0,0,0,1,7,5,12,4,2,0,0,0,0,0,0,0,0,0,1,1,100,14,14,14,0,118.7,2,2,12,0,1,1,0,3,3,20,0,0,209,9.7,37,4,DT
138,Sheldon Day,12,0,0,0,0,25.1,0,0,2024,30,WAS,12,0,0,0,0,,0,0,,0,0,0,0,12,12,24,2,1,0,0,0,1,0,0,0,0,0,0,0,,0,,,0,,,0,0,0,1,1,1,2,0,0,0,0,272,25.1,9,1.9,DT
139,Malik Herring,12,0,0,0,2,17.9,0,0,2024,27,KAN,12,0,0,0,0,,0,0,,0,0,0,0,7,5,12,1,3,0,0,0,0,0,0,0,0,0,2,2,100,17,8.5,8.5,0,102.1,5.5,11,6,0,0,3,0,3,1,7.7,0,0,193,17.9,7,1.6,DE
140,Bryce Huff,12,2.5,0,0,4,27.2,0,0,2024,26,PHI,12,6,0,0,0,,0,0,,0,0,0,2.5,5,8,13,3,4,0,0,0,0,0,0,0,0,1,4,4,100,19,4.8,4.8,0,86.5,-0.5,-2,21,2,3,2,0,8,3,18.8,0,0,285,27.2,8,1.8,DE
141,Javontae Jean-Baptiste,12,1,0,0,1,17.9,0,0,2024,24,WAS,12,1,0,0,0,,0,0,,0,0,0,1,6,7,13,1,2,0,0,0,0,0,0,0,0,0,1,1,100,3,3,3,0,79.2,-1,-1,4,1,2,1,0,4,0,0,0,0,194,17.9,44,9.4,DE
142,Quinton Jefferson,12,2,0,0,0,11.6,0,0,2024,31,"BUF,CLE",12,0,0,0,0,,0,0,,0,0,0,2,5,9,14,3,4,0,0,0,0,0,0,0,0,0,0,0,,0,,,0,,,0,0,0,3,2,0,7,2,12.5,0,0,254,11.6,7,0.8,DT
143,Naquan Jones,12,3,0,0,0,23.9,0,0,2024,26,ARI,12,0,0,0,0,,0,0,,0,0,0,3,11,16,27,4,4,0,0,0,2,0,0,0,0,0,0,0,,0,,,0,,,0,0,0,2,1,2,6,1,3.6,0,0,260,23.9,55,12.6,DT
144,Calijah Kancey,12,7.5,0,0,1,48.4,0,0,2024,23,TAM,12,12,0,0,0,,0,0,,0,0,0,7.5,22,6,28,11,17,0,0,0,0,0,1,0,0,1,1,0,0,0,,0,0,39.6,4,0,0,0,3,8,0,19,2,6.7,0,0,541,48.4,1,0.2,LDE
145,Dexter Lawrence,12,9,0,0,0,50.4,0,0,2024,27,NYG,12,12,0,0,0,,0,0,,0,0,0,9,23,21,44,8,16,0,0,0,1,0,0,0,0,1,0,0,,0,,,0,,,0,0,0,2,6,0,18,2,4.3,0,0,552,50.4,8,1.8,LDT
146,Dean Lowry,12,1,0,0,0,14.6,0,0,2024,30,PIT,12,1,0,0,0,,0,0,,0,0,0,1,1,4,5,0,1,0,0,0,1,0,0,0,0,0,0,0,,0,,,0,,,0,0,0,0,0,1,1,1,16.7,0,0,159,14.6,31,6.8,DT
147,Phidarian Mathis,12,0,0,0,0,23.7,0,0,2024,26,WAS,12,0,0,0,0,,0,0,,0,0,0,0,8,9,17,2,0,0,0,0,1,0,0,0,0,0,0,0,,0,,,0,,,0,0,0,1,0,1,1,0,0,0,0,257,23.7,54,11.5,DT
148,Pat O'Connor,12,1,0,0,1,21.5,0,0,2024,31,DET,12,0,0,0,0,,0,0,,0,0,0,1,5,13,18,2,1,0,0,0,0,0,0,0,0,0,1,1,100,5,5,5,0,87.5,5,5,0,0,2,0,0,3,1,5.3,0,0,236,21.5,160,34.7,DL
149,DeShawn Williams,12,0.5,0,0,0,27.7,0,0,2024,32,CAR,12,1,0,0,0,,0,0,,0,0,0,0.5,8,8,16,0,4,0,0,0,0,0,0,0,0,0,0,0,,0,,,0,,,0,0,0,2,3,0,6,2,11.1,0,0,337,27.7,18,3.8,DT
150,Michael Danna,13,3.5,0,0,2,45.9,0,0,2024,27,KAN,13,12,0,0,0,,0,0,,0,0,0,3.5,20,21,41,5,8,0,0,0,1,0,0,0,0,2,2,1,50,-1,-1,-0.5,0,56.2,-0.5,-8,7,1,3,4,1,11,0,0,0,0,496,45.9,48,11.1,RDE
151,Kalia Davis,13,0,0,0,1,24.4,0,1,2024,26,SFO,13,0,0,0,0,,0,0,,0,0,0,0,6,6,12,0,0,1,2,0,1,0,0,0,0,0,1,0,0,2,,2,0,0,2,2,0,0,0,0,1,0,0,0,0,0,260,24.4,17,3.8,DL
152,Mario Edwards,13,3,0,0,0,42.5,0,0,2024,30,HOU,13,12,0,0,0,,0,0,,0,0,0,3,12,19,31,3,8,0,0,0,2,0,2,0,0,0,0,0,,0,,,0,,,0,0,0,4,4,2,11,5,13.9,0,0,465,42.5,51,10.7,DT
153,Dylan Horton,13,0,0,0,0,19.4,0,0,2024,24,HOU,13,0,0,0,0,,0,0,,0,0,0,0,6,10,16,1,2,0,0,0,1,0,0,0,0,0,0,0,,0,,,0,,,0,0,0,1,2,1,3,1,5.9,0,0,212,19.4,147,30.8,DE
154,McKinnley Jackson,13,1,0,0,0,21.8,0,0,2024,23,CIN,13,1,0,0,0,,0,0,,0,0,0,1,6,9,15,2,1,0,0,0,0,0,0,0,0,1,0,0,,0,,,0,,,0,0,0,1,0,0,2,0,0,0,0,248,21.8,51,11.1,DT
155,Tyler Lacy,13,0,0,0,1,28.4,0,0,2024,25,JAX,13,8,0,0,0,,0,0,,0,0,0,0,10,15,25,2,1,0,0,0,0,0,0,0,0,0,1,0,0,9,,9,0,64.6,-4,-4,13,0,2,1,0,3,2,7.4,0,0,340,28.4,48,10.8,LDT
156,Myles Murphy,13,0,0,0,3,31,0,0,2024,22,CIN,13,0,0,0,0,,0,0,,0,0,0,0,11,9,20,1,4,0,0,0,1,0,0,0,0,0,3,2,66.7,12,6,4,0,74.3,-0.3,-2,14,0,5,4,0,9,0,0,0,0,353,31,4,0.9,DE
157,Jalen Redmond,13,1,0,0,2,18.3,0,0,2024,25,MIN,13,2,0,0,0,,0,0,,0,0,0,1,10,8,18,6,1,0,0,0,2,0,0,0,0,0,2,2,100,-2,-1,-1,0,79.2,-4.5,-9,7,0,0,0,1,1,1,5.3,0,0,208,18.3,55,12.2,DL
158,John Ridgeway,13,0,0,0,0,22.4,0,0,2024,25,NOR,13,0,0,0,0,,0,0,,0,0,0,0,8,7,15,1,0,0,0,0,1,0,0,0,0,0,0,0,,0,,,0,,,0,0,0,2,0,1,2,5,25,0,0,264,22.4,58,12.6,DT
159,Jordon Riley,13,0,0,0,0,22.7,0,0,2024,26,NYG,13,5,0,0,0,,0,0,,0,0,0,0,7,5,12,3,1,0,0,0,0,0,0,0,0,0,0,0,,0,,,0,,,0,0,0,1,1,0,2,2,14.3,0,0,249,22.7,59,13.3,DL
160,Khalen Saunders,13,2,0,0,2,39.1,0,1,2024,28,NOR,13,10,0,0,0,,0,0,,0,0,0,2,18,25,43,3,5,1,37,0,3,0,0,0,0,0,2,2,100,5,2.5,2.5,0,39.6,1.5,3,2,1,2,3,1,7,2,4.4,0,0,461,39.1,2,0.4,LDT
161,Kentavius Street,13,1,0,0,0,25.2,0,0,2024,28,ATL,13,0,0,0,0,,0,0,,0,0,0,1,9,6,15,4,1,0,0,0,0,0,0,0,0,0,0,0,,0,,,0,,,0,0,0,2,0,0,3,0,0,0,0,280,25.2,45,10.1,DL
162,Khyiris Tonga,13,0,0,0,1,21.1,0,0,2024,28,ARI,13,1,0,0,0,,0,0,,0,0,0,0,6,16,22,0,0,0,0,0,0,0,0,0,0,0,1,1,100,5,5,5,0,87.5,5,5,0,0,0,0,0,0,1,4.3,0,0,229,21.1,10,2.3,DL
163,Jay Tufele,13,0.5,0,0,0,21.4,0,0,2024,25,CIN,13,3,0,0,0,,0,0,,0,0,0,0.5,5,10,15,1,2,0,0,0,1,0,0,0,0,0,0,0,,0,,,0,,,0,0,0,1,1,1,3,2,11.8,0,0,243,21.4,31,6.7,DT
164,Brent Urban,13,0,0,0,1,17.3,0,0,2024,33,BAL,13,0,0,0,0,,0,0,,0,0,0,0,9,11,20,0,0,0,0,0,2,0,0,0,0,0,1,1,100,0,0,0,0,79.2,-3,-3,3,0,1,0,2,1,0,0,0,0,196,17.3,64,13.5,DL
165,Colby Wooden,13,0,0,0,3,21.5,0,0,2024,24,GNB,13,1,0,0,0,,0,0,,0,0,0,0,9,11,20,2,2,0,0,0,2,0,0,0,0,0,3,3,100,27,9,9,0,104.2,-1.3,-4,31,0,0,2,2,2,2,9.1,0,0,234,21.5,51,11.5,DL
166,Will Anderson,14,11,0,0,3,51.2,0,0,2024,23,HOU,14,14,0,0,0,,0,0,,0,0,0,11,27,10,37,16,19,0,0,0,2,0,1,0,0,1,3,2,66.7,18,9,6,0,82.6,0.3,-6,24,1,9,8,2,29,4,9.8,0,0,561,51.2,14,2.9,LDE
167,Robert Beal,14,0,0,0,1,13.9,0,0,2024,25,SFO,14,0,0,0,0,,0,0,,0,0,0,0,11,6,17,0,0,0,0,0,0,0,0,0,0,0,1,1,100,13,13,13,0,118.7,-4,-4,17,0,0,0,0,0,1,5.6,0,0,148,13.9,238,52.9,DL
168,Nick Bosa,14,9,0,0,5,64.9,0,1,2024,27,SFO,14,14,0,0,0,,0,0,,0,0,0,9,33,19,52,15,24,1,30,0,1,0,1,0,0,1,5,5,100,16,3.2,3.2,0,40.4,-2,-10,26,0,12,15,0,37,9,14.8,0,0,693,64.9,10,2.2,LDE
169,Clelin Ferrell,14,3.5,0,0,2,34.1,0,0,2024,27,WAS,14,10,0,0,0,,0,0,,0,0,0,3.5,11,15,26,4,9,0,0,0,0,0,0,0,0,1,2,2,100,16,8,8,0,100,-1.5,-3,19,1,3,5,0,12,1,3.7,0,0,369,34.1,64,13.7,LDE
170,Neville Gallimore,14,0,0,0,0,23.7,0,0,2024,27,LAR,14,4,0,0,0,,0,0,,0,0,0,0,7,12,19,0,1,0,0,0,0,0,0,0,0,0,0,0,,0,,,0,,,0,0,0,0,1,0,1,0,0,0,0,264,23.7,32,7.3,NT
171,Shelby Harris,14,1.5,0,0,0,48.8,0,0,2024,33,CLE,14,13,0,0,0,,0,0,,0,0,0,1.5,18,19,37,5,5,0,0,0,2,0,0,0,0,1,0,0,,0,,,0,,,0,0,0,4,3,1,9,1,2.6,0,0,529,48.8,76,16.3,RDT
172,Sam Hubbard,14,2,8,1,3,46,0,1,2024,29,CIN,14,14,1,0,0,,0,0,,0,1,8,2,25,16,41,3,9,1,0,0,2,0,0,0,0,1,3,2,66.7,19,9.5,6.3,0,44.4,-1,-5,24,1,0,6,1,8,2,4.7,6,0.5,523,46,2,0.4,LDE
173,Alim McNeill,14,3.5,0,0,1,57.7,0,0,2024,24,DET,14,14,0,0,0,,0,0,,0,0,0,3.5,17,8,25,7,7,0,0,0,1,0,0,0,0,1,1,1,100,15,15,15,0,118.7,2,2,13,2,11,3,1,18,2,7.4,0,0,632,57.7,48,10.4,RDT
174,Byron Murphy,14,0.5,0,0,2,40.4,0,0,2024,22,SEA,14,9,0,0,0,,0,0,,0,0,0,0.5,12,24,36,2,1,0,0,0,0,0,0,0,0,0,2,2,100,22,11,11,0,112.5,-1.5,-3,25,0,4,0,0,5,0,0,1,0.1,457,40.4,50,10.6,NT
175,Ed Oliver,14,3,0,0,2,54.6,0,0,2024,27,BUF,14,14,0,0,0,,0,0,,0,0,0,3,14,15,29,5,13,0,0,0,0,0,0,0,0,3,2,1,50,6,6,3,0,56.2,-4,-4,10,0,6,10,0,19,1,3.3,0,0,603,54.6,2,0.4,LDT
176,Josh Paschal,14,2,0,0,2,50.1,0,0,2024,25,DET,14,10,0,0,0,,0,0,,0,0,0,2,15,6,21,5,8,0,0,0,0,0,1,0,0,0,2,2,100,11,5.5,5.5,0,89.6,0.5,1,10,0,9,6,0,17,3,12.5,0,0,549,50.1,7,1.5,LDE
177,Javon Solomon,14,2,0,0,0,12.1,0,0,2024,23,BUF,14,0,0,0,0,,0,0,,0,0,0,2,9,4,13,3,6,0,0,0,0,0,1,0,0,1,0,0,,0,,,0,,,0,0,1,2,4,0,8,3,18.8,0,0,134,12.1,241,54,DE
178,Leonard Taylor,14,1.5,0,0,0,22.7,0,0,2024,25,NYJ,14,0,0,0,0,,0,0,,0,0,0,1.5,13,11,24,4,4,0,0,0,1,0,0,0,0,0,0,0,,0,,,0,,,0,0,0,0,2,1,4,3,11.1,0,0,261,22.7,1,0.2,DL
179,Casey Toohill,14,1,0,0,0,22.6,0,0,2024,28,BUF,14,1,0,0,0,,0,0,,0,0,0,1,9,11,20,2,1,0,0,0,1,0,1,0,0,0,0,0,,0,,,0,,,0,0,0,2,0,1,3,1,4.8,0,0,249,22.6,135,30.3,DE
180,Eric Watts,14,0,0,0,0,20.1,0,0,2024,24,NYJ,14,0,0,0,0,,0,0,,0,0,0,0,7,6,13,0,0,0,0,0,0,0,0,0,0,0,0,0,,0,,,0,,,0,0,0,1,0,0,1,2,13.3,0,0,231,20.1,132,30.6,DL
181,Devonte Wyatt,14,5,0,0,2,33.2,0,0,2024,26,GNB,14,0,0,0,0,,0,0,,0,0,0,5,17,6,23,9,9,0,0,0,0,0,2,0,0,0,2,1,50,7,7,3.5,0,58.3,-1.5,-5,12,0,3,4,0,12,6,20.7,0,0,362,33.2,17,3.8,DL
182,K'Lavon Chaisson,15,5,0,0,11,45.6,0,1,2024,25,LVR,15,4,0,0,0,,0,0,,0,0,0,5,19,13,32,7,8,1,0,0,2,0,0,0,0,1,11,8,72.7,36,4.5,3.3,1,68.7,-0.3,-9,45,2,2,2,0,10,9,22,0,0,508,45.6,16,3.4,DE
183,Keondre Coburn,15,0,0,0,0,11.9,0,0,2024,24,TEN,15,1,0,0,0,,0,0,,0,0,0,0,7,7,14,0,0,0,0,0,0,0,0,0,0,0,0,0,,0,,,0,,,0,0,0,0,0,0,0,0,0,0,0,126,11.9,18,3.9,DL
184,Byron Cowart,15,2.5,0,0,1,31.4,0,0,2024,28,CHI,15,7,0,0,0,,0,0,,0,0,0,2.5,14,12,26,5,4,0,0,0,0,0,0,0,0,0,1,1,100,23,23,23,0,118.7,0,0,23,0,2,1,0,6,4,13.3,0,0,335,31.4,27,6.2,DT
185,Gervon Dexter,15,5,0,0,1,57.8,0,0,2024,23,CHI,15,15,0,0,0,,0,0,,0,0,0,5,23,28,51,4,19,0,0,0,1,0,2,0,0,0,1,1,100,5,5,5,0,87.5,4,4,1,0,4,13,1,23,3,5.6,0,0,617,57.8,75,17.2,RDT
186,Jordan Elliott,15,0,0,0,1,41.3,0,0,2024,27,SFO,15,13,0,0,0,,0,0,,0,0,0,0,12,7,19,2,2,0,0,0,0,0,0,0,0,0,1,1,100,4,4,4,0,83.3,-2,-2,6,0,0,2,0,2,0,0,0,0,441,41.3,63,14,RDT
187,Greg Gaines,15,1,0,0,1,35.4,0,0,2024,28,TAM,15,3,0,0,0,,0,0,,0,0,0,1,7,10,17,2,4,0,0,0,0,0,0,0,0,0,1,1,100,1,1,1,0,79.2,-5,-5,6,0,1,3,0,5,1,5.6,0,0,395,35.4,3,0.6,DL
188,B.J. Hill,15,3,0,0,2,62.4,0,0,2024,29,CIN,15,15,0,0,0,,0,0,,0,0,0,3,25,31,56,7,9,0,0,0,4,0,0,0,0,0,2,1,50,0,0,0,0,56.2,-4,-8,8,0,5,6,4,14,3,5.1,0,0,710,62.4,50,10.8,RDT
189,Kris Jenkins,15,3,0,0,1,43.7,0,0,2024,23,CIN,15,9,0,0,0,,0,0,,0,0,0,3,10,21,31,3,5,0,0,0,0,0,0,0,0,0,1,1,100,4,4,4,0,83.3,-6,-6,10,0,1,2,0,6,2,6.1,0,0,497,43.7,40,8.7,LDT
190,Austin Johnson,15,0.5,0,0,1,27.7,0,2,2024,30,BUF,15,1,0,0,0,,0,0,,0,0,0,0.5,7,12,19,0,1,2,9,0,2,0,0,0,0,0,1,0,0,0,,0,0,0,-6,0,0,0,2,1,0,4,1,5,0,0,306,27.7,53,11.9,DT
191,Chris Jones,15,5,0,0,2,71.3,0,0,2024,30,KAN,15,15,0,0,0,,0,0,,0,0,0,5,19,18,37,9,20,0,0,0,0,0,0,0,0,1,2,1,50,-6,-6,-3,0,56.2,-5.5,-5,-1,0,17,16,1,38,2,5.1,0,0,771,71.3,0,0,LDT
192,Carl Lawson,15,5,0,0,1,36.3,0,0,2024,29,DAL,15,3,0,0,0,,0,0,,0,0,0,5,7,8,15,4,15,0,0,0,0,0,0,0,0,1,1,1,100,1,1,1,0,79.2,0,0,1,5,5,8,0,19,1,6.3,0,0,401,36.3,74,15.3,DE
193,Jeremiah Ledbetter,15,2,0,0,1,36.9,0,0,2024,30,JAX,15,3,0,0,0,,0,0,,0,0,0,2,20,18,38,8,4,0,0,0,0,0,0,0,0,0,1,1,100,3,3,3,0,79.2,-1,-1,4,0,0,2,0,4,0,0,0,0,441,36.9,72,16.3,DT
194,Mike Morris,15,0,0,0,0,6.2,0,0,2024,23,SEA,15,0,0,0,0,,0,0,,0,0,0,0,3,2,5,0,0,0,0,0,0,0,0,0,0,0,0,0,,0,,,0,,,0,0,0,1,0,0,1,0,0,0,0,70,6.2,287,61.1,DE
195,Rakeem Nunez-Roches,15,2,0,0,0,55.7,0,0,2024,31,NYG,15,15,0,0,0,,0,0,,0,0,0,2,14,38,52,2,6,0,0,0,2,0,0,0,0,0,0,0,,0,,,0,,,0,0,0,0,3,2,6,2,3.7,0,0,610,55.7,75,16.9,LDE
196,Larry Ogunjobi,15,1.5,0,0,0,45.2,0,0,2024,30,PIT,15,12,0,0,0,,0,0,,0,0,0,1.5,16,25,41,5,7,0,0,0,0,0,0,0,0,0,0,0,,0,,,0,,,0,0,0,3,5,0,10,3,6.8,0,0,494,45.2,41,9,RDE
197,Kwity Paye,15,8,0,0,2,57.6,0,0,2024,26,IND,15,15,0,0,0,,0,0,,0,0,0,8,29,12,41,10,12,0,0,0,1,0,0,0,0,1,2,2,100,34,17,17,0,118.7,6.5,13,21,0,9,4,1,22,3,6.8,0,0,666,57.6,10,2.1,LDE
198,D.J. Reader,15,3,0,0,0,46.4,0,0,2024,30,DET,15,15,0,0,0,,0,0,,0,0,0,3,11,12,23,4,8,0,0,0,1,0,0,0,0,0,0,0,,0,,,0,,,0,0,0,1,5,1,9,2,8,0,0,508,46.4,5,1.1,LDT
199,Zach Sieler,15,10,0,0,4,70.3,0,1,2024,29,MIA,15,15,0,0,0,,0,0,,0,0,0,10,28,27,55,13,19,1,0,0,2,0,1,0,0,1,4,2,50,18,9,4.5,0,22.9,2,5,13,0,3,8,1,22,5,8.3,0,0,748,70.3,149,33.6,LDE
200,Shy Tuttle,15,0,0,0,0,50.1,0,0,2024,29,CAR,15,15,0,0,0,,0,0,,0,0,0,0,22,24,46,0,1,0,0,0,3,0,2,0,0,1,0,0,,0,,,0,,,0,0,0,2,1,3,3,2,4.2,0,0,610,50.1,81,16.9,NT
201,Broderick Washington Jr.,15,2,0,0,0,39.6,0,0,2024,28,BAL,15,5,0,0,0,,0,0,,0,0,0,2,9,12,21,1,2,0,0,0,2,0,0,0,0,1,0,0,,0,,,0,,,0,0,0,4,0,2,6,4,16,0,0,449,39.6,65,13.7,DT
202,Deatrich Wise Jr.,15,5,0,0,0,36.5,0,0,2024,30,NWE,15,5,0,0,0,,0,0,,0,0,0,5,16,13,29,5,8,0,0,0,3,0,0,0,0,0,0,0,,0,,,0,,,0,0,0,4,3,3,12,0,0,0,0,408,36.5,85,19.5,DE
203,Adetomiwa Adebawore,16,1,0,0,0,11.8,0,0,2024,23,IND,16,0,0,0,0,,0,0,,0,0,0,1,5,2,7,3,2,0,0,0,0,0,0,0,0,0,0,0,,0,,,0,,,0,0,0,0,1,0,2,1,12.5,0,0,136,11.8,223,47.5,DT
204,Josh Hines-Allen,16,8,0,0,10,68.6,0,0,2024,27,JAX,16,16,0,0,0,,0,0,,0,0,0,8,26,19,45,10,19,0,0,0,2,0,1,13,0,1,10,8,80,57,7.1,5.7,1,123.7,-3.2,-24,81,5,9,11,2,29,4,8.2,0,0,821,68.6,78,17.6,LDE
205,Zach Allen,16,8.5,2,1,3,83.5,0,0,2024,27,DEN,16,16,0,0,0,,0,0,,0,1,2,8.5,32,29,61,15,40,0,0,0,1,0,0,0,0,0,3,1,33.3,10,10,3.3,0,43.7,-3.3,-1,11,0,7,29,0,47,5,7.6,0,0,964,83.5,71,15,LDT
206,Dorance Armstrong Jr.,16,5,0,0,3,58.7,0,0,2024,27,WAS,16,15,0,0,0,,0,0,,0,0,0,5,20,19,39,7,14,0,0,0,1,0,0,0,0,2,3,3,100,20,6.7,6.7,0,94.4,1.7,5,15,0,10,8,1,24,6,13.3,0,0,636,58.7,62,13.2,RDE
207,Derek Barnett,16,5,12,0,1,35.6,0,0,2024,28,HOU,16,1,2,0,0,,0,0,,0,0,12,5,15,11,26,4,7,0,0,0,0,0,2,64,2,2,1,0,0,0,,0,0,39.6,-7,0,0,0,3,4,0,12,1,3.7,0,0,390,35.6,53,11.1,DE
208,Jalen Carter,16,4.5,0,0,2,79.4,0,0,2024,23,PHI,16,15,0,0,0,,0,0,,0,0,0,4.5,25,17,42,12,16,0,0,0,6,0,0,0,0,2,2,2,100,-2,-1,-1,0,79.2,-5,-10,8,0,7,11,5,23,9,17.6,0,0,831,79.4,62,13.8,LDT
209,Tyler Davis,16,0.5,0,0,0,26.8,0,0,2024,24,LAR,16,0,0,0,0,,0,0,,0,0,0,0.5,12,17,29,2,1,0,0,0,0,0,0,0,0,0,0,0,,0,,,0,,,0,0,0,0,0,0,1,2,6.5,0,0,299,26.8,7,1.6,DL
210,Daniel Ekuale,16,1,0,0,2,64.6,0,0,2024,30,NWE,16,16,0,0,0,,0,0,,0,0,0,1,24,28,52,2,3,0,0,0,0,0,0,0,0,0,2,1,50,-1,-1,-0.5,0,56.2,0,-5,4,0,1,1,0,4,3,5.5,0,0,722,64.6,55,12.6,RDE
211,Logan Hall,16,5.5,0,0,0,48.3,0,0,2024,24,TAM,16,10,0,0,0,,0,0,,0,0,0,5.5,17,11,28,6,10,0,0,0,1,0,1,0,0,0,0,0,,0,,,0,,,0,0,0,0,4,1,10,1,3.4,0,0,539,48.3,93,19.5,RDE
212,Jalyn Holmes,16,2,0,0,0,11.9,0,0,2024,28,"NYJ,WAS",16,0,0,0,0,,0,0,,0,0,0,2,11,7,18,6,3,0,0,0,0,0,0,0,0,0,0,0,,0,,,0,,,0,0,0,0,1,0,3,0,0,0,0,265,11.9,13,1.4,DL
213,DaQuan Jones,16,2.5,0,0,2,49.5,0,0,2024,33,BUF,16,16,0,0,0,,0,0,,0,0,0,2.5,11,12,23,5,7,0,0,0,1,0,0,0,0,0,2,1,50,-3,-3,-1.5,0,56.2,-4.5,-5,2,0,1,4,1,8,2,8,0,0,546,49.5,42,9.4,RDT
214,George Karlaftis III,16,8,0,0,8,76.9,0,0,2024,23,KAN,16,11,0,0,0,,0,0,,0,0,0,8,21,14,35,9,28,0,0,0,5,0,0,0,0,0,8,4,50,37,9.3,4.6,0,63,1.6,0,37,0,11,18,4,37,1,2.8,0,0,831,76.9,65,15.1,LDE
215,Roy Lopez,16,1,0,0,0,43,0,0,2024,27,ARI,16,16,0,0,0,,0,0,,0,0,0,1,10,18,28,4,3,0,0,0,3,0,1,0,0,1,0,0,,0,,,0,,,0,0,0,5,2,3,8,2,6.7,0,0,467,43,70,16,NT
216,Isaiahh Loudermilk,16,0,0,0,1,20.3,0,0,2024,27,PIT,16,0,0,0,0,,0,0,,0,0,0,0,10,7,17,0,0,0,0,0,1,0,0,0,0,0,1,1,100,12,12,12,0,116.7,-6,-6,18,0,0,0,1,0,2,10.5,0,0,222,20.3,156,34.1,DT
217,Isaiah McGuire,16,2.5,0,0,2,43.3,0,0,2024,23,CLE,16,3,0,0,0,,0,0,,0,0,0,2.5,18,18,36,8,9,0,0,0,0,0,0,0,0,3,2,0,0,0,,0,0,39.6,3,0,0,4,3,6,0,12,0,0,0,0,469,43.3,41,8.8,DE
218,Arron Mosby,16,0.5,0,0,2,13.8,0,0,2024,25,GNB,16,0,0,0,0,,0,0,,0,0,0,0.5,6,6,12,1,2,0,0,0,2,0,0,0,0,0,2,0,0,0,,0,0,39.6,4,0,0,0,2,1,1,4,1,7.7,0,0,150,13.8,241,54.5,DL
219,Jer'Zhan Newton,16,2,0,0,0,47.6,0,0,2024,22,WAS,16,11,0,0,0,,0,0,,0,0,0,2,19,25,44,6,7,0,0,0,1,0,1,2,0,1,0,0,,0,,,0,,,0,0,0,2,5,1,9,1,2.2,0,0,515,47.6,25,5.3,LDT
220,Ogbonnia Okoronkwo,16,3,0,0,2,42.9,0,0,2024,29,CLE,16,5,0,0,0,,0,0,,0,0,0,3,15,8,23,5,6,0,0,0,0,0,0,0,0,1,2,2,100,16,8,8,0,100,0,0,16,8,2,4,0,9,4,14.8,0,0,465,42.9,105,22.6,DE
221,Sam Okuayinonu,16,3,0,0,8,42.2,0,0,2024,26,SFO,16,3,0,0,0,,0,0,,0,0,0,3,25,10,35,6,7,0,0,0,1,0,0,0,0,1,8,7,87.5,35,5,4.4,0,84.9,-2.6,-15,50,1,2,4,0,9,3,7.9,0,0,450,42.2,39,8.7,DL
222,Levi Onwuzurike,16,1.5,0,0,3,57.9,0,0,2024,26,DET,16,10,0,0,0,,0,0,,0,0,0,1.5,16,12,28,1,13,0,0,0,0,0,0,0,0,1,3,2,66.7,8,4,2.7,0,70.1,-4.3,-9,17,0,8,11,0,22,2,6.7,0,0,635,57.9,63,13.7,DL
223,Jeremiah Pharms,16,2,0,0,0,40.9,0,0,2024,28,NWE,16,5,0,0,0,,0,0,,0,0,0,2,16,17,33,4,5,0,0,0,0,0,0,0,0,0,0,0,,0,,,0,,,0,0,0,4,3,0,9,1,2.9,0,0,457,40.9,101,23.1,DT
224,LaBryan Ray,16,1,0,0,0,51.5,0,0,2024,27,CAR,16,9,0,0,0,,0,0,,0,0,0,1,15,26,41,2,2,0,0,0,0,0,0,0,0,0,0,0,,0,,,0,,,0,0,0,1,1,0,3,2,4.7,0,0,627,51.5,60,12.6,LDE
225,A'Shawn Robinson,16,5.5,0,0,1,62.6,0,0,2024,29,CAR,16,16,0,0,0,,0,0,,0,0,0,5.5,43,37,80,8,8,0,0,0,1,0,0,0,0,1,1,1,100,3,3,3,0,79.2,-5,-5,8,0,1,2,1,9,5,5.9,0,0,762,62.6,79,16.5,RDE
226,Gregory Rousseau,16,8,0,0,10,66.6,0,0,2024,24,BUF,16,16,0,0,0,,0,0,,0,0,0,8,36,17,53,16,24,0,0,0,3,0,1,0,0,3,10,7,70,78,11.1,7.8,0,92.9,2.2,22,56,1,11,15,3,35,5,8.6,0,0,735,66.6,63,14.1,RDE
227,Nathan Shepherd,16,1.5,0,0,0,48.2,0,0,2024,31,NOR,16,13,0,0,0,,0,0,,0,0,0,1.5,16,21,37,3,6,0,0,0,0,0,0,0,0,0,0,0,,0,,,0,,,0,0,0,4,3,0,9,2,5.1,0,0,568,48.2,76,16.6,RDT
228,Jeffery Simmons,16,5,0,0,1,76.3,0,0,2024,27,TEN,16,16,0,0,0,,0,0,,0,0,0,5,41,35,76,11,9,0,0,0,4,0,2,0,0,2,1,1,100,6,6,6,0,91.7,-1,-1,7,0,6,4,3,15,6,7.3,5,0.5,807,76.3,73,16,DT
229,Charles Snowden,16,1.5,0,0,11,36.4,0,0,2024,26,LVR,16,9,0,0,0,,0,0,,0,0,0,1.5,18,21,39,3,7,0,0,0,4,0,0,0,0,0,11,9,81.8,33,3.7,3,0,79.2,3,13,20,12,4,5,4,11,2,4.9,0,0,406,36.4,119,25,LDE
230,Dante Stills,16,4.5,0,0,1,49.1,0,0,2024,25,ARI,16,10,0,0,0,,0,0,,0,0,0,4.5,20,22,42,4,6,0,0,0,1,0,0,0,0,1,1,1,100,3,3,3,0,79.2,-7,-7,10,0,1,2,1,8,3,6.7,0,0,534,49.1,77,17.6,DT
231,Montez Sweat,16,5.5,0,0,1,57.7,0,0,2024,28,CHI,16,16,0,0,0,,0,0,,0,0,0,5.5,18,14,32,9,12,0,0,0,2,0,0,0,0,2,1,1,100,11,11,11,0,112.5,4,4,7,0,9,7,2,22,3,8.6,0,0,616,57.7,10,2.3,LDE
232,Darrell Taylor,16,3,0,0,2,35.1,0,0,2024,27,CHI,16,0,0,0,0,,0,0,,0,0,0,3,20,12,32,3,9,0,0,0,2,0,0,0,0,2,2,2,100,21,10.5,10.5,0,110.4,2.5,5,16,4,4,6,2,13,4,11.1,0,0,375,35.1,27,6.2,DL
233,Solomon Thomas,16,3.5,0,0,2,39.9,0,0,2024,29,NYJ,16,1,0,0,0,,0,0,,0,0,0,3.5,15,11,26,5,6,0,0,0,2,0,1,0,0,1,2,1,50,-4,-4,-2,0,56.2,-2.5,-4,0,0,5,2,1,11,8,23.5,5,0.5,458,39.9,76,17.6,DL
234,Dalvin Tomlinson,16,3,0,0,0,56.3,0,0,2024,30,CLE,16,16,0,0,0,,0,0,,0,0,0,3,13,13,26,6,18,0,0,0,0,0,0,0,0,0,0,0,,0,,,0,,,0,0,0,2,14,0,20,2,7.1,0,0,610,56.3,77,16.6,LDT
235,Payton Turner,16,2,0,0,0,28.4,0,0,2024,25,NOR,16,0,0,0,0,,0,0,,0,0,0,2,10,11,21,3,3,0,0,0,4,0,0,0,0,2,0,0,,0,,,0,,,0,0,0,6,1,1,9,4,16,0,0,335,28.4,231,50.3,DE
236,Vita Vea,16,7,0,0,1,63.1,0,0,2024,29,TAM,16,16,0,0,0,,0,0,,0,0,0,7,27,15,42,10,13,0,0,0,1,0,0,0,0,0,1,1,100,6,6,6,0,91.7,4,4,2,0,5,6,1,18,1,2.3,3,0.3,705,63.1,92,19.2,NT
237,Carlos Watkins,16,0,0,0,0,10.4,0,0,2024,31,"DAL,WAS",16,0,0,0,0,,0,0,,0,0,0,0,4,8,12,0,0,0,0,0,0,0,0,0,0,0,0,0,,0,,,0,,,0,0,0,2,0,0,2,0,0,0,0,228,10.4,72,7.6,DE
238,Leonard Williams,16,11,6,0,0,66.3,0,1,2024,30,SEA,16,16,1,0,0,,0,0,,0,0,6,11,37,27,64,16,28,1,92,1,3,0,0,0,0,0,0,0,,0,,,0,,,0,0,0,2,16,2,30,4,5.9,0,0,750,66.3,54,11.5,LDE
239,Quinnen Williams,16,6,0,0,5,63.1,0,0,2024,27,NYJ,16,16,0,0,0,,0,0,,0,0,0,6,25,12,37,8,18,0,0,0,0,0,0,0,0,0,5,3,60,7,2.3,1.4,0,64.6,-1.6,-3,10,0,9,11,0,27,10,21.3,0,0,724,63.1,78,18.1,NT
240,Tyree Wilson,16,4.5,0,0,3,47.1,0,0,2024,24,LVR,16,4,0,0,0,,0,0,,0,0,0,4.5,16,11,27,6,10,0,0,0,0,0,0,0,0,1,3,2,66.7,11,5.5,3.7,0,72.9,-3,-2,13,0,7,5,0,17,6,18.2,0,0,525,47.1,70,14.7,DE
241,Felix Anudike-Uzomah,17,2.5,0,0,1,30.7,0,0,2024,22,KAN,17,3,0,0,0,,0,0,,0,0,0,2.5,16,11,27,6,7,0,0,0,0,0,1,0,0,1,1,1,100,7,7,7,0,95.8,3,3,4,0,3,4,0,10,2,6.9,0,0,332,30.7,11,2.6,DE
242,Arik Armstead,17,2,0,0,1,47.6,0,0,2024,31,JAX,17,1,0,0,0,,0,0,,0,0,0,2,21,8,29,3,7,0,0,0,3,0,0,0,0,0,1,0,0,4,,4,0,43.7,-3,-3,7,0,4,5,3,11,1,3.3,0,0,569,47.6,13,2.9,DE
243,Keeanu Benton,17,1,0,0,4,58.7,0,1,2024,23,PIT,17,14,0,0,0,,0,0,,0,0,0,1,16,20,36,2,8,1,11,0,6,0,1,0,0,0,4,3,75,10,3.3,2.5,0,37.5,-3.3,-11,21,0,4,6,5,11,4,10,0,0,641,58.7,60,13.1,NT
244,Austin Booker,17,1.5,0,0,1,26.5,0,0,2024,22,CHI,17,0,0,0,0,,0,0,,0,0,0,1.5,14,7,21,3,4,0,0,0,0,0,0,0,0,0,1,1,100,13,13,13,0,118.7,-2,-2,15,0,1,3,0,6,4,16,0,0,283,26.5,77,17.6,DL
245,Thomas Booker,17,1,0,0,0,15.9,0,0,2024,25,PHI,17,1,0,0,0,,0,0,,0,0,0,1,8,10,18,2,2,0,0,0,1,0,0,0,0,0,0,0,,0,,,0,,,0,0,0,0,0,0,2,0,0,0,0,166,15.9,32,7.1,DT
246,Bryan Bresee,17,7.5,0,0,0,60.2,0,0,2024,23,NOR,17,11,0,0,0,,0,0,,0,0,0,7.5,17,8,25,7,14,0,0,0,3,0,0,0,0,1,0,0,,0,,,0,,,0,0,0,4,7,3,19,5,16.7,0,0,709,60.2,81,17.6,DT
247,Karl Brooks,17,3.5,0,0,1,40.6,0,0,2024,24,GNB,17,0,0,0,0,,0,0,,0,0,0,3.5,14,10,24,4,6,0,0,0,2,0,3,0,0,1,1,1,100,-5,-5,-5,0,79.2,-5,-5,0,0,4,2,2,10,2,7.7,0,0,442,40.6,102,23.1,DL
248,Bobby Brown,17,0,0,0,1,42.3,0,0,2024,24,LAR,17,16,0,0,0,,0,0,,0,0,0,0,16,28,44,4,1,0,0,0,1,0,0,0,0,0,1,0,0,1,,1,0,39.6,-4,-4,5,0,0,1,1,1,1,2.2,0,0,472,42.3,59,13.4,NT
249,Taven Bryan,17,1,0,0,0,29.4,0,0,2024,28,IND,17,6,0,0,0,,0,0,,0,0,0,1,11,9,20,3,2,0,0,0,1,0,1,0,0,0,0,0,,0,,,0,,,0,0,0,2,1,0,4,1,4.8,0,0,340,29.4,164,35,DT
250,Jonathan Bullard,17,1,0,0,1,50.5,0,0,2024,31,MIN,17,17,0,0,0,,0,0,,0,0,0,1,21,20,41,7,3,0,0,0,3,0,0,0,0,0,1,1,100,3,3,3,0,79.2,-4,-4,7,1,1,2,2,4,2,4.7,0,0,574,50.5,0,0,RDE
251,Adam Butler,17,5,0,0,3,77,0,0,2024,30,LVR,17,16,0,0,0,,0,0,,0,0,0,5,36,29,65,8,10,0,0,0,2,0,0,0,0,1,3,3,100,18,6,6,0,91.7,-3.7,-11,29,0,5,4,0,15,7,9.7,0,0,858,77,63,13.2,RDT
252,Calais Campbell,17,5,0,0,0,57.8,0,0,2024,38,MIA,17,17,0,0,0,,0,0,,0,0,0,5,35,17,52,12,12,0,0,0,5,0,0,0,0,1,0,0,,0,,,0,,,0,0,0,9,6,4,20,10,16.1,0,0,615,57.8,170,38.3,NT
253,Elijah Chatman,17,1,0,0,0,38.6,0,0,2024,24,NYG,17,3,0,0,0,,0,0,,0,0,0,1,11,10,21,2,3,0,0,0,0,0,1,0,0,0,0,0,,0,,,0,,,0,0,0,1,2,0,4,0,0,0,0,423,38.6,51,11.5,DT
254,Kenny Clark,17,1,0,0,1,63,0,0,2024,29,GNB,17,17,0,0,0,,0,0,,0,0,0,1,20,17,37,4,5,0,0,0,2,0,2,0,0,0,1,1,100,7,7,7,0,95.8,-4,-4,11,0,6,4,2,11,4,9.8,0,0,686,63,2,0.5,RDT
255,L.J. Collier,17,3.5,0,0,1,54.3,0,0,2024,29,ARI,17,15,0,0,0,,0,0,,0,0,0,3.5,13,16,29,4,6,0,0,0,2,0,1,0,0,0,1,1,100,11,11,11,0,112.5,-5,-5,16,0,5,2,1,11,2,6.5,0,0,590,54.3,6,1.4,LDE
256,Maliek Collins,17,5,0,0,2,67.2,0,0,2024,29,SFO,17,17,0,0,0,,0,0,,0,0,0,5,20,13,33,5,12,0,0,0,0,0,2,0,0,0,2,2,100,16,8,8,0,100,-0.5,-1,17,0,7,7,0,20,3,8.3,0,0,717,67.2,80,17.8,LDT
257,Jordan Davis,17,1,0,0,0,37.1,0,0,2024,24,PHI,17,17,0,0,0,,0,0,,0,0,0,1,15,12,27,3,1,0,0,0,2,0,1,0,0,0,0,0,,0,,,0,,,0,0,0,0,0,2,1,3,10,0,0,388,37.1,145,32.4,RDT
258,Raekwon Davis,17,0,0,0,1,30.2,0,0,2024,27,IND,17,0,0,0,0,,0,0,,0,0,0,0,7,8,15,1,0,0,0,0,1,0,0,0,0,0,1,1,100,-2,-2,-2,0,79.2,-3,-3,1,0,1,0,0,1,0,0,0,0,349,30.2,47,10,DT
259,Kingsley Enagbare,17,4.5,0,0,7,46.9,0,0,2024,24,GNB,17,7,0,0,0,,0,0,,0,0,0,4.5,18,21,39,6,8,0,0,0,0,0,0,0,0,2,7,7,100,38,5.4,5.4,0,89.3,1,7,31,2,5,3,0,13,5,11.4,0,0,511,46.9,184,41.6,DL
260,A.J. Epenesa,17,6,2,1,4,55.4,0,0,2024,26,BUF,17,13,0,0,0,,0,0,,0,1,2,6,23,16,39,8,11,0,0,0,2,0,0,0,0,2,4,2,50,14,7,3.5,0,58.3,-3.8,-8,22,0,6,4,0,16,2,4.9,0,0,612,55.4,63,14.1,LDE
261,Braden Fiske,17,8.5,0,0,3,59.3,0,0,2024,24,LAR,17,8,0,0,0,,0,0,,0,0,0,8.5,20,24,44,10,10,0,0,0,0,0,2,8,0,2,3,3,100,8,2.7,2.7,0,79.2,-3.3,-10,18,1,11,2,0,22,7,13.7,0,0,661,59.3,79,18,RDE
262,Leonard Floyd,17,8.5,0,0,2,56.8,0,0,2024,32,SFO,17,17,0,0,0,,0,0,,0,0,0,8.5,25,17,42,8,16,0,0,0,1,0,0,0,0,1,2,2,100,13,6.5,6.5,0,93.7,0.5,1,12,3,5,6,1,21,6,12.5,0,0,606,56.8,9,2,RDE
263,Poona Ford,17,3,0,0,2,55.3,0,1,2024,29,LAC,17,17,0,0,0,,0,0,,0,0,0,3,24,15,39,8,9,1,3,0,5,0,0,0,0,0,2,1,50,-3,-3,-1.5,0,16.7,-5.5,-6,3,0,0,6,3,9,2,4.9,0,0,604,55.3,66,14.3,RDT
264,Isaiah Foskey,17,0,0,0,0,5.4,0,0,2024,24,NOR,17,0,0,0,0,,0,0,,0,0,0,0,4,12,16,0,0,0,0,0,0,0,0,0,0,0,0,0,,0,,,0,,,0,0,4,0,0,0,0,0,0,0,0,64,5.4,358,78,DE
265,Morgan Fox,17,3.5,0,0,0,52.8,0,0,2024,30,LAC,17,3,0,0,0,,0,0,,0,0,0,3.5,19,8,27,4,6,0,0,0,1,0,0,0,0,0,0,0,,0,,,0,,,0,0,1,4,2,1,10,1,3.6,0,0,577,52.8,80,17.3,DL
266,John Franklin-Myers,17,7,0,0,1,46.1,0,0,2024,28,DEN,17,16,0,0,0,,0,0,,0,0,0,7,18,22,40,8,18,0,0,0,0,0,0,0,0,0,1,0,0,0,,0,0,39.6,-7,0,0,1,3,10,0,21,2,4.8,0,0,533,46.1,9,1.9,RDE
267,Myles Garrett,17,14,0,0,3,76.2,0,0,2024,29,CLE,17,17,0,0,0,,0,0,,0,0,0,14,40,7,47,22,28,0,0,0,1,0,1,0,0,3,3,2,66.7,20,10,6.7,0,85.4,-1.7,2,18,0,13,17,1,44,3,6,0,0,826,76.2,82,17.6,RDE
268,Rashan Gary,17,7.5,0,0,0,58.7,0,0,2024,27,GNB,17,17,0,0,0,,0,0,,0,0,0,7.5,26,21,47,9,15,0,0,0,1,0,1,0,0,1,0,0,,0,,,0,,,0,0,6,10,8,1,26,1,2.1,0,0,639,58.7,1,0.2,RDE
269,William Gholston,17,1,0,0,0,18.1,0,0,2024,33,TAM,17,3,0,0,0,,0,0,,0,0,0,1,6,6,12,1,4,0,0,0,0,0,0,0,0,0,0,0,,0,,,0,,,0,0,0,1,3,0,5,0,0,0,0,202,18.1,105,22,DL
270,Davon Godchaux,17,0,0,0,0,60.7,0,0,2024,30,NWE,17,17,0,0,0,,0,0,,0,0,0,0,24,43,67,1,1,0,0,0,1,0,0,0,0,0,0,0,,0,,,0,,,0,0,0,1,1,1,2,2,2.9,0,0,679,60.7,41,9.4,NT
271,Eddie Goldman,17,1,0,0,0,29.7,0,0,2024,30,ATL,17,10,0,0,0,,0,0,,0,0,0,1,7,9,16,1,3,0,0,0,0,0,0,0,0,0,0,0,,0,,,0,,,0,0,0,0,2,0,3,3,15.8,0,0,331,29.7,38,8.5,NT
272,Chauncey Golston,17,5.5,0,0,1,71.6,0,1,2024,26,DAL,17,13,0,0,0,,0,0,,0,0,0,5.5,30,26,56,5,8,1,18,0,5,0,1,0,0,0,1,1,100,3,3,3,0,39.6,-1,-1,4,2,9,2,4,18,4,6.7,0,0,791,71.6,177,36.6,RDE
273,Carl Granderson,17,5.5,0,0,2,70.1,0,0,2024,28,NOR,17,17,0,0,0,,0,0,,0,0,0,5.5,36,25,61,9,13,0,0,0,4,0,0,0,0,1,2,1,50,-5,-5,-2.5,0,56.2,4,-7,2,1,18,7,3,32,9,12.9,0,0,826,70.1,91,19.8,RDE
274,DaVon Hamilton,17,0,0,0,2,52.3,0,0,2024,27,JAX,17,14,0,0,0,,0,0,,0,0,0,0,34,28,62,5,2,0,0,0,0,0,0,0,0,0,2,2,100,19,9.5,9.5,0,106.2,-2.5,-5,24,1,3,2,0,5,3,4.6,0,0,626,52.3,83,18.7,RDT
275,Da'Shawn Hand,17,1,0,0,2,52.9,0,0,2024,29,MIA,17,2,0,0,0,,0,0,,0,0,0,1,20,11,31,5,4,0,0,0,1,0,1,0,0,1,2,2,100,34,17,17,0,118.7,-2.5,-5,39,0,0,3,1,4,1,3.1,0,0,563,52.9,108,24.3,DT
276,Johnathan Hankins,17,1,0,0,0,34.5,0,1,2024,32,SEA,17,8,0,0,0,,0,0,,0,0,0,1,15,15,30,5,2,1,0,0,1,0,0,0,0,0,0,0,,0,,,0,,,0,0,0,0,1,0,2,1,3.2,0,0,390,34.5,21,4.5,DT
277,Daniel Hardy,17,0,0,0,0,2.9,0,0,2024,26,CHI,17,0,0,0,0,,0,0,,0,0,0,0,7,5,12,0,0,0,0,0,0,0,0,0,0,1,0,0,,0,,,0,,,0,0,0,0,0,0,0,0,0,0,0,31,2.9,370,84.7,DL
278,Zach Harrison,17,1,2,1,0,24.1,0,0,2024,23,ATL,17,1,0,0,0,,0,0,,0,1,2,1,6,20,26,3,1,0,0,0,2,0,0,0,0,0,0,0,,0,,,0,,,0,0,0,5,0,1,6,1,3.7,0,0,268,24.1,125,28,DL
279,Trey Hendrickson,17,17.5,0,0,6,72.5,0,0,2024,30,CIN,17,17,0,0,0,,0,0,,0,0,0,17.5,33,13,46,19,36,0,0,0,6,0,0,0,0,2,6,5,83.3,30,6,5,0,87.5,1.2,9,21,1,18,17,3,54,4,8,0,0,825,72.5,1,0.2,RDE
280,Cameron Heyward,17,8,0,0,1,71.2,0,0,2024,35,PIT,17,17,0,0,0,,0,0,,0,0,0,8,35,36,71,12,20,0,0,0,11,0,0,0,0,0,1,1,100,5,5,5,0,87.5,2,2,3,0,5,10,10,24,3,4.1,0,0,778,71.2,123,26.9,LDE
281,Danielle Hunter,17,12,0,0,3,70,0,0,2024,30,HOU,17,17,0,0,0,,0,0,,0,0,0,12,31,15,46,17,23,0,0,0,3,0,0,0,0,1,3,1,33.3,13,13,4.3,0,47.9,-6,-4,17,8,10,11,3,34,4,8,0,0,766,70,12,2.5,RDE
282,Jordan Jackson,17,1,0,0,0,26.8,0,0,2024,26,DEN,17,0,0,0,0,,0,0,,0,0,0,1,4,13,17,1,2,0,0,0,0,0,0,0,0,1,0,0,,0,,,0,,,0,0,0,0,1,0,2,0,0,0,0,310,26.8,164,34.7,DL
283,Grady Jarrett,17,2.5,0,0,1,66.8,0,0,2024,31,ATL,17,17,0,0,0,,0,0,,0,0,0,2.5,30,23,53,9,12,0,0,0,0,0,0,0,0,0,1,1,100,8,8,8,0,100,4,4,4,0,7,8,0,18,6,10.2,0,0,744,66.8,0,0,LDE
284,John Jenkins,17,1,0,0,0,54.6,0,0,2024,35,LVR,17,17,0,0,0,,0,0,,0,0,0,1,13,33,46,3,4,0,0,0,2,0,0,0,0,0,0,0,,0,,,0,,,0,0,0,3,2,2,7,6,11.5,0,0,609,54.6,103,21.6,LDT
285,Benito Jones,17,0,0,0,1,45.2,0,0,2024,27,MIA,17,15,0,0,0,,0,0,,0,0,0,0,9,15,24,4,3,0,0,0,0,0,0,0,0,0,1,1,100,6,6,6,0,91.7,-4,-4,10,0,1,2,0,3,3,11.1,0,0,481,45.2,13,2.9,RDE
286,D.J. Jones,17,1,0,0,0,40.3,0,0,2024,29,DEN,17,17,0,0,0,,0,0,,0,0,0,1,21,21,42,1,3,0,0,0,3,0,1,0,0,0,0,0,,0,,,0,,,0,0,0,4,1,3,7,3,6.7,0,0,465,40.3,32,6.8,NT
287,Travis Jones,17,1,0,0,1,53,0,0,2024,25,BAL,17,15,0,0,0,,0,0,,0,0,0,1,22,20,42,4,4,0,0,0,0,0,0,0,0,0,1,1,100,0,0,0,0,79.2,-8,-8,8,0,4,3,0,8,0,0,0,0,600,53,136,28.6,NT
288,Cameron Jordan,17,4,0,0,2,48,0,1,2024,35,NOR,17,17,0,0,0,,0,0,,0,0,0,4,18,16,34,7,8,1,0,0,4,0,0,0,0,0,2,2,100,2,1,1,0,39.6,-2,-4,6,0,4,4,3,12,0,0,0,0,565,48,10,2.2,LDE
289,Linval Joseph,17,2,0,0,1,24,0,0,2024,36,DAL,17,0,0,0,0,,0,0,,0,0,0,2,9,10,19,2,3,0,0,0,0,0,0,0,0,1,1,1,100,3,3,3,0,79.2,-2,-2,5,0,0,1,0,3,0,0,0,0,265,24,1,0.2,DT
290,Sebastian Joseph-Day,17,2.5,0,0,0,46,0,0,2024,29,TEN,17,12,0,0,0,,0,0,,0,0,0,2.5,18,26,44,3,6,0,0,0,1,0,0,0,0,0,0,0,,0,,,0,,,0,0,0,2,2,1,7,6,12,0,0,486,46,86,18.9,RDE
291,Javon Kinlaw,17,4.5,0,0,0,60.7,0,0,2024,27,NYJ,17,17,0,0,0,,0,0,,0,0,0,4.5,27,13,40,5,5,0,0,0,0,0,1,4,0,2,0,0,,0,,,0,,,0,0,2,4,3,0,12,7,14.9,0,0,697,60.7,90,20.8,RDT
292,Laiatu Latu,17,4,0,0,4,53.5,0,0,2024,24,IND,17,1,0,0,0,,0,0,,0,0,0,4,16,16,32,5,12,0,0,0,1,0,1,0,0,3,4,4,100,26,6.5,6.5,0,93.7,0.8,3,23,0,11,8,1,23,5,13.5,0,0,618,53.5,9,1.9,DE
293,Jonah Laulu,17,1,0,0,1,42.6,0,0,2024,24,LVR,17,7,0,0,0,,0,0,,0,0,0,1,15,20,35,3,2,0,0,0,3,0,0,0,0,0,1,1,100,10,10,10,0,108.3,-5,-5,15,0,3,1,2,5,0,0,0,0,475,42.6,96,20.2,DT
294,James Lynch,17,1,0,0,0,23.2,0,0,2024,25,TEN,17,0,0,0,0,,0,0,,0,0,0,1,6,14,20,2,2,0,0,0,2,0,0,0,0,0,0,0,,0,,,0,,,0,0,0,1,1,1,3,0,0,0,0,245,23.2,33,7.2,DL
295,Nnamdi Madubuike,17,6.5,0,0,0,71.7,0,0,2024,27,BAL,17,17,0,0,0,,0,0,,0,0,0,6.5,21,22,43,11,17,0,0,0,1,0,0,0,0,1,0,0,,0,,,0,,,0,0,0,4,9,1,21,1,2.3,0,0,812,71.7,2,0.4,DT
296,Scott Matlock,17,1,0,0,1,12.5,0,0,2024,24,LAC,17,11,0,0,0,,0,0,,0,0,0,1,2,5,7,1,1,0,0,0,1,0,0,0,0,0,1,0,0,0,,0,0,39.6,-5,0,0,0,0,0,1,1,0,0,362,33.9,137,12.5,231,49.9,FB/DL
297,Will McDonald,17,10.5,0,0,2,66,0,0,2024,25,NYJ,17,15,0,0,0,,0,0,,0,0,0,10.5,18,10,28,11,24,0,0,0,3,0,1,0,0,2,2,2,100,8,4,4,0,83.3,-4,-8,16,3,14,12,3,38,5,15.2,0,0,758,66,15,3.5,LDE
298,Derrick Nnadi,17,0,0,0,0,20.4,0,0,2024,28,KAN,17,1,0,0,0,,0,0,,0,0,0,0,3,8,11,0,0,0,0,0,0,0,0,0,0,0,0,0,,0,,,0,,,0,0,0,0,0,0,0,2,15.4,0,0,221,20.4,62,14.4,DT
299,Dayo Odeyingbo,17,3,0,0,4,64.4,0,0,2024,25,IND,17,14,0,0,0,,0,0,,0,0,0,3,13,18,31,7,17,0,0,0,0,0,1,0,0,2,4,4,100,24,6,6,0,91.7,-1.3,-5,29,0,2,13,0,19,7,18.4,0,0,745,64.4,91,19.4,RDE
300,Osa Odighizuwa,17,4.5,0,0,3,77.9,0,0,2024,26,DAL,17,17,0,0,0,,0,0,,0,0,0,4.5,25,22,47,5,23,0,0,0,1,0,0,0,0,1,3,2,66.7,17,8.5,5.7,0,81.2,-2,-9,26,0,10,17,0,33,2,4.1,0,0,860,77.9,93,19.2,LDT
301,Otito Ogbonnia,17,0,0,0,0,46.2,0,0,2024,24,LAC,17,17,0,0,0,,0,0,,0,0,0,0,14,23,37,0,3,0,0,0,0,0,0,0,0,0,0,0,,0,,,0,,,0,0,0,1,3,0,4,1,2.6,0,0,505,46.2,39,8.4,NT
302,Moro Ojomo,17,0,0,0,1,37.1,0,0,2024,23,PHI,17,1,0,0,0,,0,0,,0,0,0,0,6,14,20,0,5,0,0,0,0,0,0,0,0,0,1,1,100,2,2,2,0,79.2,0,0,2,0,2,5,0,7,2,9.1,0,0,388,37.1,71,15.8,DT
303,David Onyemata,17,3,0,0,1,50.9,0,0,2024,32,ATL,17,16,0,0,0,,0,0,,0,0,0,3,23,22,45,8,5,0,0,0,1,0,0,0,0,0,1,1,100,-2,-2,-2,0,79.2,-8,-8,6,0,6,2,1,11,3,6.3,0,0,567,50.9,80,17.9,RDE
304,Joseph Ossai,17,5,0,0,7,50.6,0,0,2024,24,CIN,17,3,0,0,0,,0,0,,0,0,0,5,26,20,46,4,15,0,0,0,1,0,0,0,0,2,7,6,85.7,45,7.5,6.4,0,93.5,0.3,-2,47,2,7,10,1,23,7,13.2,0,0,576,50.6,104,22.6,DE
305,Daron Payne,17,4,0,0,2,68.5,0,0,2024,27,WAS,17,17,0,0,0,,0,0,,0,0,0,4,22,20,42,5,7,0,0,0,2,0,0,0,0,0,2,2,100,-10,-5,-5,0,79.2,-6.5,-13,3,0,9,2,2,16,5,10.6,0,0,742,68.5,67,14.3,RDT
306,Mike Pennel,17,3,0,0,1,29.6,0,0,2024,33,KAN,17,7,0,0,0,,0,0,,0,0,0,3,10,15,25,3,2,0,0,0,0,0,0,0,0,1,1,1,100,21,21,21,0,118.7,0,0,21,0,1,0,0,4,0,0,0,0,320,29.6,48,11.1,NT
307,Harrison Phillips,17,2,0,0,2,59.4,0,0,2024,28,MIN,17,17,0,0,0,,0,0,,0,0,0,2,16,40,56,2,5,0,0,0,4,0,1,0,0,1,2,1,50,31,31,15.5,0,95.8,3.5,7,24,0,4,3,3,9,5,8.2,0,0,675,59.4,0,0,NT
308,Jarran Reed,17,4.5,0,0,1,60.1,0,0,2024,32,SEA,17,8,0,0,0,,0,0,,0,0,0,4.5,21,24,45,5,15,0,0,0,2,0,0,0,0,1,1,1,100,2,2,2,0,79.2,-3,-3,5,0,4,11,2,20,1,2.2,0,0,680,60.1,65,13.8,RDE
309,Malcolm Roach,17,2.5,0,0,1,42.3,0,0,2024,26,DEN,17,1,0,0,0,,0,0,,0,0,0,2.5,18,25,43,5,8,0,0,0,2,0,1,0,0,1,1,0,0,0,,0,0,39.6,13,0,0,0,5,6,1,14,5,10.4,0,0,489,42.3,80,16.9,DT
310,Roy Robertson-Harris,17,2,0,0,1,17.1,0,0,2024,31,"JAX,SEA",17,2,0,0,0,,0,0,,0,0,0,2,10,10,20,4,5,0,0,0,1,0,0,0,0,0,1,0,0,0,,0,0,39.6,-7,0,0,0,2,3,1,7,4,16.7,0,0,398,17.1,83,9.1,DT
311,Tim Settle,17,5,0,0,1,57.1,0,0,2024,27,HOU,17,11,0,0,0,,0,0,,0,0,0,5,24,7,31,10,10,0,0,0,0,0,1,2,0,0,1,1,100,-3,-3,-3,0,79.2,-3,-3,0,0,4,5,0,14,3,8.8,0,0,625,57.1,63,13.2,RDT
312,Tedarrell Slaton,17,1,0,0,0,39.2,0,0,2024,27,GNB,17,17,0,0,0,,0,0,,0,0,0,1,15,15,30,2,3,0,0,0,0,0,0,0,0,0,0,0,,0,,,0,,,0,0,0,1,2,0,4,4,11.8,0,0,427,39.2,150,33.9,LDT
313,Mazi Smith,17,1,0,0,0,47.6,0,0,2024,23,DAL,17,17,0,0,0,,0,0,,0,0,0,1,22,19,41,4,3,0,0,0,0,0,0,0,0,0,0,0,,0,,,0,,,0,0,0,0,1,0,3,2,4.7,0,0,526,47.6,0,0,RDT
314,Za'Darius Smith,17,9,0,0,3,28.3,0,0,2024,32,"CLE,DET",17,16,0,0,0,,0,0,,0,0,0,9,22,13,35,9,17,0,0,0,1,0,0,0,0,0,3,3,100,25,8.3,8.3,0,101.4,-3,-9,34,2,8,7,0,25,4,10.3,0,0,618,28.3,2,0.2,LDE
315,Grover Stewart,17,3.5,0,0,3,59.7,0,0,2024,31,IND,17,17,0,0,0,,0,0,,0,0,0,3.5,29,45,74,10,6,0,0,0,3,0,1,0,0,1,3,3,100,34,11.3,11.3,0,113.9,-5.3,-16,50,0,4,2,3,10,8,9.8,1,0.1,690,59.7,167,35.6,NT
316,T'Vondre Sweat,17,1,0,0,1,66.1,0,0,2024,23,TEN,17,16,0,0,0,,0,0,,0,0,0,1,22,29,51,4,3,0,0,0,1,0,1,30,0,1,1,0,0,0,,0,0,39.6,5,0,0,0,4,2,0,7,7,12.1,0,0,699,66.1,66,14.5,NT
317,Teair Tart,17,1,0,0,2,31.8,1,1,2024,27,LAC,17,0,0,0,0,,0,0,,0,0,0,1,15,14,29,5,5,1,4,0,2,1,1,0,0,1,2,2,100,9,4.5,4.5,0,45.8,-7,-14,23,0,3,3,1,7,3,9.4,0,0,348,31.8,53,11.4,DT
318,Jerry Tillery,17,0,0,0,0,41.1,0,0,2024,28,MIN,17,11,0,0,0,,0,0,,0,0,0,0,13,15,28,1,3,0,0,0,2,0,0,0,0,1,0,0,,0,,,0,,,0,0,0,3,3,0,6,0,0,0,0,467,41.1,82,18.2,LDE
319,Kobie Turner,17,8,0,0,3,74.8,0,0,2024,25,LAR,17,16,0,0,0,,0,0,,0,0,0,8,35,27,62,10,13,0,0,0,4,0,1,0,0,1,3,3,100,30,10,10,0,108.3,-3.7,-11,41,0,10,4,4,22,3,4.6,0,0,834,74.8,85,19.3,LDE
320,Lukas Van Ness,17,3,0,0,4,39.3,0,0,2024,23,GNB,17,0,0,0,0,,0,0,,0,0,0,3,22,11,33,6,6,0,0,0,0,0,1,0,0,1,4,3,75,20,6.7,5,0,85.4,-4,-11,31,0,4,3,0,10,3,8.3,0,0,428,39.3,221,50,DL
321,DeMarcus Walker,17,3.5,0,0,1,69.2,0,0,2024,30,CHI,17,17,0,0,0,,0,0,,0,0,0,3.5,25,22,47,7,16,0,0,0,0,0,0,0,0,0,1,1,100,6,6,6,0,91.7,-7,-7,13,0,6,13,0,23,2,4.1,0,0,739,69.2,31,7.1,RDE
322,Travon Walker,17,10.5,6,0,3,76.2,0,0,2024,24,JAX,17,17,1,0,0,,0,0,,0,0,6,10.5,31,30,61,13,15,0,0,0,1,0,1,35,1,2,3,3,100,23,7.7,7.7,0,98.6,-3.7,-11,34,2,13,5,0,29,10,14.1,0,0,911,76.2,86,19.4,RDE
323,Tershawn Wharton,17,6.5,0,0,3,61.7,0,0,2024,26,KAN,17,10,0,0,0,,0,0,,0,0,0,6.5,18,11,29,7,11,0,0,0,2,0,0,0,0,1,3,2,66.7,33,16.5,11,0,103.5,0.3,-4,37,0,10,6,1,23,5,14.7,0,0,667,61.7,73,16.9,RDT
324,Keion White,17,5,0,0,13,74.2,0,0,2024,25,NWE,17,13,0,0,0,,0,0,,0,0,0,5,31,25,56,7,16,0,0,0,5,0,0,0,0,2,13,12,92.3,112,9.3,8.6,0,102.6,-0.8,-10,122,6,12,10,5,28,5,8.2,0,0,829,74.2,123,28.1,LDE
325,Chris Williams,17,3,0,0,2,34.4,0,0,2024,26,CHI,17,1,0,0,0,,0,0,,0,0,0,3,17,6,23,3,7,0,0,0,0,0,0,0,0,0,2,0,0,0,,0,0,39.6,-3,0,0,0,0,4,0,7,4,14.8,0,0,367,34.4,5,1.1,DT
326,Milton Williams,17,5,0,0,0,47.9,0,0,2024,25,PHI,17,7,0,0,0,,0,0,,0,0,0,5,11,13,24,7,10,0,0,0,1,0,1,0,0,1,0,0,,0,,,0,,,0,0,0,2,4,1,12,3,11.1,0,0,501,47.9,62,13.8,DT
327,Chase Young,17,5.5,0,0,2,63,0,0,2024,25,NOR,17,0,0,0,0,,0,0,,0,0,0,5.5,21,10,31,8,21,0,0,0,3,0,0,0,0,1,2,2,100,14,7,7,0,95.8,-5,-10,24,1,14,13,3,34,3,8.8,0,0,742,63,22,4.8,DE